ENLIGHTEN Version,4.1.22
Measurement ID,20250220-200131-687668-WP-01977
Serial Number,WP-01977
Model,WP-785X-F13-R-ILC
Detector,S16011-1106
Label,ethanol
Declared Match,
Declared Score,0
Scan Averaging,3
Boxcar,0
Technique,Raman
Baseline Correction Algo,AirPLS
ROI Pixel Start,47
ROI Pixel End,2047
ROI Start Line,0
ROI Stop Line,63
CCD C4,1.3861700415979117e-12
Slit Width,25
Cropped,True
Interpolated,False
Wavenumber Correction,-0.10048087299991834
Raman Intensity Corrected,True
Deconvolved,True
Region,
High Gain Mode,False
Laser Power mW,
Electrical Dark Correction,False
Battery %,
Device ID,<DeviceID USB:0x24aa:0x1000:0:1>
FW Version,10.0.0.10
FPGA Version,035-001
BLE Version,
Prefix,enlighten
Suffix,
Preset,
Auto-Raman,True
Session Count,0
Plugin Name,
Integration Time,386
Timestamp,2025-02-20 20:01:31.687668
Note,
Temperature,0
CCD C0,793.2742919921875
CCD C1,0.15325890481472015
CCD C2,1.4078759704716504e-05
CCD C3,-1.132000004844258e-08
CCD Offset,0
CCD Gain,1.9
CCD Offset Odd,0
CCD Gain Odd,1.9
Laser Wavelength,785.032
Laser Enable,False
Laser Power %,0
Laser Temperature,0
Pixel Count,2048

Pixel,Wavelength,Wavenumber,Processed,Raw,Dark
0,793.27,132.25,NA,943.00,926.00
1,793.43,134.69,NA,949.67,941.67
2,793.58,137.12,NA,957.33,943.67
3,793.73,139.56,NA,943.00,939.33
4,793.89,141.99,NA,949.00,938.67
5,794.04,144.42,NA,953.00,937.67
6,794.19,146.86,NA,958.33,943.00
7,794.35,149.29,NA,939.67,923.33
8,794.50,151.72,NA,961.67,940.33
9,794.65,154.15,NA,953.33,946.33
10,794.81,156.58,NA,957.00,944.33
11,794.96,159.01,NA,964.00,956.00
12,795.12,161.44,NA,947.00,932.33
13,795.27,163.87,NA,966.00,957.67
14,795.42,166.30,NA,951.00,937.00
15,795.58,168.73,NA,959.67,935.33
16,795.73,171.16,NA,955.67,943.67
17,795.88,173.58,NA,954.33,936.33
18,796.04,176.01,NA,965.33,953.67
19,796.19,178.44,NA,968.33,955.00
20,796.35,180.86,NA,966.00,949.67
21,796.50,183.29,NA,956.67,941.00
22,796.65,185.71,NA,988.67,970.00
23,796.81,188.14,NA,976.00,952.00
24,796.96,190.56,NA,968.00,948.33
25,797.11,192.98,NA,977.67,960.67
26,797.27,195.41,NA,978.67,963.33
27,797.42,197.83,NA,975.33,970.00
28,797.58,200.25,NA,983.00,956.33
29,797.73,202.67,NA,964.33,949.33
30,797.88,205.09,NA,963.33,940.33
31,798.04,207.51,NA,967.00,949.33
32,798.19,209.93,NA,971.67,943.00
33,798.35,212.35,NA,974.67,955.00
34,798.50,214.77,NA,969.67,945.67
35,798.66,217.18,NA,984.67,953.67
36,798.81,219.60,NA,969.33,943.00
37,798.96,222.02,NA,997.00,961.00
38,799.12,224.43,NA,993.00,949.67
39,799.27,226.85,NA,1029.00,949.33
40,799.43,229.27,NA,1091.67,959.33
41,799.58,231.68,NA,1212.33,946.00
42,799.74,234.09,NA,1396.67,954.67
43,799.89,236.51,NA,1690.33,981.67
44,800.04,238.92,NA,1917.33,975.00
45,800.20,241.33,NA,2049.33,943.00
46,800.35,243.75,NA,2109.33,957.33
47,800.51,246.16,51.50,2146.00,950.67
48,800.66,248.57,145.42,2164.67,967.67
49,800.82,250.98,173.41,2176.00,972.67
50,800.97,253.39,163.00,2187.33,971.33
51,801.13,255.80,159.14,2187.33,960.67
52,801.28,258.21,156.78,2195.00,971.67
53,801.43,260.61,169.26,2183.33,951.67
54,801.59,263.02,185.01,2211.00,970.00
55,801.74,265.43,192.03,2184.00,943.67
56,801.90,267.83,203.66,2209.33,960.00
57,802.05,270.24,187.63,2188.00,962.67
58,802.21,272.65,195.55,2192.00,961.00
59,802.36,275.05,177.56,2165.00,960.67
60,802.52,277.46,172.95,2160.67,964.00
61,802.67,279.86,148.73,2132.00,971.67
62,802.83,282.26,151.14,2130.00,976.33
63,802.98,284.66,144.57,2101.00,964.67
64,803.14,287.07,122.87,2082.67,976.00
65,803.29,289.47,100.85,2042.33,964.67
66,803.45,291.87,80.88,2019.33,974.33
67,803.60,294.27,84.54,1987.67,948.67
68,803.76,296.67,62.03,1978.33,978.33
69,803.91,299.07,59.93,1932.00,936.33
70,804.07,301.47,30.42,1920.33,961.33
71,804.22,303.87,15.46,1898.00,966.33
72,804.38,306.26,14.93,1878.33,960.00
73,804.53,308.66,21.43,1878.33,964.67
74,804.69,311.06,19.41,1875.67,954.67
75,804.84,313.45,0.00,1820.00,945.67
76,805.00,315.85,0.00,1818.00,951.33
77,805.15,318.24,0.00,1838.33,973.67
78,805.31,320.64,0.00,1817.67,966.33
79,805.46,323.03,0.00,1798.67,954.67
80,805.62,325.42,0.00,1802.67,970.33
81,805.77,327.82,0.00,1772.00,949.00
82,805.93,330.21,0.47,1809.33,967.33
83,806.09,332.60,0.00,1792.67,961.33
84,806.24,334.99,0.00,1767.00,946.33
85,806.40,337.38,0.00,1764.00,936.33
86,806.55,339.77,0.00,1768.33,959.67
87,806.71,342.16,0.00,1777.67,949.00
88,806.86,344.55,0.00,1782.00,967.00
89,807.02,346.94,0.00,1788.00,962.00
90,807.17,349.32,0.00,1774.33,947.67
91,807.33,351.71,0.01,1794.00,965.33
92,807.48,354.10,3.35,1803.00,961.00
93,807.64,356.48,17.97,1820.67,965.33
94,807.80,358.87,9.90,1813.00,973.33
95,807.95,361.25,33.82,1833.33,959.33
96,808.11,363.63,37.37,1839.00,961.33
97,808.26,366.02,42.10,1831.67,951.00
98,808.42,368.40,74.47,1869.00,948.67
99,808.57,370.78,71.49,1874.00,958.00
100,808.73,373.16,74.04,1882.33,957.67
101,808.89,375.55,82.59,1912.67,972.67
102,809.04,377.93,97.84,1909.33,951.00
103,809.20,380.31,124.00,1940.33,952.33
104,809.35,382.68,144.34,1963.67,951.67
105,809.51,385.06,157.82,2000.00,966.33
106,809.66,387.44,166.64,2016.33,965.33
107,809.82,389.82,190.44,2034.00,949.00
108,809.98,392.19,223.08,2072.67,946.33
109,810.13,394.57,254.35,2135.67,968.00
110,810.29,396.95,278.21,2167.67,962.67
111,810.44,399.32,305.88,2205.67,955.33
112,810.60,401.70,350.09,2276.33,958.33
113,810.76,404.07,400.64,2354.67,960.67
114,810.91,406.44,460.15,2442.00,957.67
115,811.07,408.82,546.37,2569.00,953.00
116,811.22,411.19,640.21,2728.33,966.33
117,811.38,413.56,773.27,2924.33,952.00
118,811.54,415.93,914.78,3162.67,967.00
119,811.69,418.30,1147.67,3508.33,957.00
120,811.85,420.67,1400.87,3872.67,952.67
121,812.00,423.04,1728.13,4338.00,972.67
122,812.16,425.41,2145.16,4852.67,956.67
123,812.32,427.77,2520.62,5319.00,970.00
124,812.47,430.14,2786.69,5643.00,959.67
125,812.63,432.51,2894.99,5811.00,961.00
126,812.79,434.87,2874.84,5820.00,954.00
127,812.94,437.24,2740.46,5684.67,966.00
128,813.10,439.60,2595.38,5491.33,943.00
129,813.26,441.97,2347.96,5185.33,959.67
130,813.41,444.33,2108.64,4864.67,961.67
131,813.57,446.69,1886.55,4545.33,957.67
132,813.72,449.06,1672.85,4224.67,949.00
133,813.88,451.42,1472.77,3931.00,947.67
134,814.04,453.78,1279.68,3665.33,967.67
135,814.19,456.14,1124.96,3399.67,935.33
136,814.35,458.50,988.79,3194.00,935.67
137,814.51,460.86,848.58,3009.33,962.67
138,814.66,463.22,752.66,2839.33,938.67
139,814.82,465.58,654.27,2718.67,971.67
140,814.98,467.93,579.98,2573.33,946.33
141,815.13,470.29,521.45,2470.67,939.33
142,815.29,472.65,454.88,2377.67,949.67
143,815.45,475.00,400.44,2311.00,962.67
144,815.60,477.36,347.85,2219.33,947.67
145,815.76,479.71,302.76,2154.00,954.33
146,815.92,482.06,288.46,2106.67,939.00
147,816.07,484.42,266.75,2057.67,934.67
148,816.23,486.77,248.03,2053.00,962.00
149,816.39,489.12,218.45,2001.67,950.00
150,816.54,491.47,181.79,1976.33,977.33
151,816.70,493.82,168.03,1942.33,971.00
152,816.86,496.17,170.08,1900.33,937.33
153,817.01,498.52,149.61,1880.00,953.00
154,817.17,500.87,127.46,1843.67,948.33
155,817.33,503.22,102.27,1817.67,959.00
156,817.48,505.57,87.89,1780.33,943.67
157,817.64,507.91,70.98,1772.33,964.00
158,817.80,510.26,53.75,1719.00,942.33
159,817.95,512.60,57.61,1713.00,934.00
160,818.11,514.95,40.12,1705.00,956.00
161,818.27,517.29,29.00,1680.67,953.00
162,818.42,519.64,36.62,1690.33,956.67
163,818.58,521.98,14.63,1667.67,968.67
164,818.74,524.32,14.03,1653.00,950.67
165,818.90,526.66,2.53,1610.67,930.00
166,819.05,529.00,0.19,1625.00,958.33
167,819.21,531.34,0.00,1600.00,943.67
168,819.37,533.68,3.32,1609.00,946.33
169,819.52,536.02,2.07,1607.00,952.67
170,819.68,538.36,0.00,1589.00,959.33
171,819.84,540.70,4.32,1586.67,936.33
172,819.99,543.04,0.00,1593.67,964.67
173,820.15,545.37,0.00,1581.67,951.67
174,820.31,547.71,0.00,1579.67,949.00
175,820.47,550.04,4.78,1587.33,950.00
176,820.62,552.38,0.00,1564.33,941.33
177,820.78,554.71,0.09,1570.33,945.67
178,820.94,557.05,0.00,1559.00,945.00
179,821.10,559.38,2.01,1563.00,940.67
180,821.25,561.71,0.00,1544.00,933.67
181,821.41,564.04,0.00,1554.33,943.00
182,821.57,566.37,0.00,1548.67,938.00
183,821.72,568.70,0.00,1546.67,949.33
184,821.88,571.03,3.08,1558.67,944.33
185,822.04,573.36,0.00,1569.00,970.33
186,822.20,575.69,0.00,1558.00,952.67
187,822.35,578.02,3.59,1579.67,966.67
188,822.51,580.34,0.00,1539.33,945.67
189,822.67,582.67,0.00,1540.33,941.67
190,822.83,584.99,4.50,1563.33,949.33
191,822.98,587.32,12.83,1577.67,955.00
192,823.14,589.64,0.75,1563.00,955.00
193,823.30,591.97,0.77,1542.33,932.33
194,823.46,594.29,0.29,1554.33,946.67
195,823.61,596.61,7.01,1574.67,956.00
196,823.77,598.93,7.29,1563.33,946.33
197,823.93,601.25,4.01,1569.00,954.33
198,824.09,603.57,0.45,1545.67,937.33
199,824.24,605.89,10.71,1566.67,942.33
200,824.40,608.21,10.62,1566.33,942.33
201,824.56,610.53,1.89,1560.00,948.33
202,824.72,612.85,3.49,1577.00,962.00
203,824.87,615.17,15.16,1578.33,946.33
204,825.03,617.48,5.37,1574.33,958.00
205,825.19,619.80,8.42,1582.00,960.33
206,825.35,622.11,8.97,1582.00,959.33
207,825.50,624.43,10.87,1579.00,952.67
208,825.66,626.74,1.56,1566.33,954.67
209,825.82,629.05,13.28,1565.00,930.67
210,825.98,631.36,0.00,1552.00,943.67
211,826.14,633.68,12.99,1575.00,947.00
212,826.29,635.99,18.48,1586.33,951.33
213,826.45,638.30,7.09,1577.67,952.33
214,826.61,640.61,0.00,1565.33,956.33
215,826.77,642.92,3.65,1562.00,943.67
216,826.92,645.22,21.06,1580.33,940.33
217,827.08,647.53,5.34,1573.33,954.67
218,827.24,649.84,3.05,1552.00,934.67
219,827.40,652.14,4.42,1567.33,946.33
220,827.56,654.45,6.99,1581.67,957.67
221,827.71,656.76,10.26,1564.67,937.00
222,827.87,659.06,7.90,1579.67,956.67
223,828.03,661.36,17.78,1577.00,941.33
224,828.19,663.67,10.12,1575.00,950.00
225,828.34,665.97,14.44,1572.00,936.00
226,828.50,668.27,2.60,1606.33,988.00
227,828.66,670.57,2.76,1574.33,953.67
228,828.82,672.87,5.38,1587.33,962.00
229,828.98,675.17,10.00,1561.67,934.00
230,829.13,677.47,25.92,1588.00,943.00
231,829.29,679.77,12.98,1578.33,946.00
232,829.45,682.06,5.12,1578.00,955.33
233,829.61,684.36,4.68,1565.67,944.33
234,829.77,686.66,13.15,1620.67,985.67
235,829.92,688.95,5.45,1548.67,925.33
236,830.08,691.25,0.52,1565.00,951.33
237,830.24,693.54,11.86,1576.67,947.33
238,830.40,695.83,12.82,1578.33,947.00
239,830.56,698.13,1.90,1583.33,963.00
240,830.72,700.42,0.00,1554.33,950.67
241,830.87,702.71,0.04,1552.67,937.67
242,831.03,705.00,0.00,1533.33,925.33
243,831.19,707.29,4.59,1588.33,961.33
244,831.35,709.58,14.00,1574.33,941.67
245,831.51,711.87,1.51,1587.67,969.67
246,831.66,714.15,11.74,1560.00,926.67
247,831.82,716.44,2.35,1555.67,928.33
248,831.98,718.73,0.00,1567.67,955.33
249,832.14,721.01,0.00,1541.00,930.33
250,832.30,723.30,0.00,1563.00,943.67
251,832.46,725.58,0.00,1565.67,945.00
252,832.61,727.87,1.31,1584.67,957.33
253,832.77,730.15,0.00,1569.67,943.00
254,832.93,732.43,0.00,1534.67,919.00
255,833.09,734.71,0.00,1583.33,962.67
256,833.25,736.99,0.00,1579.67,952.67
257,833.41,739.27,0.00,1588.00,951.33
258,833.56,741.55,3.25,1586.00,939.00
259,833.72,743.83,0.00,1584.67,944.33
260,833.88,746.11,0.00,1569.00,946.33
261,834.04,748.39,1.83,1599.67,943.00
262,834.20,750.66,5.55,1609.33,944.33
263,834.36,752.94,1.69,1620.67,953.00
264,834.51,755.22,0.00,1597.33,948.00
265,834.67,757.49,0.00,1615.33,945.67
266,834.83,759.76,0.00,1623.00,955.00
267,834.99,762.04,0.00,1633.00,951.33
268,835.15,764.31,0.00,1618.33,951.33
269,835.31,766.58,0.00,1623.33,937.67
270,835.47,768.85,0.00,1635.33,938.00
271,835.62,771.12,0.00,1667.00,962.00
272,835.78,773.39,1.34,1673.33,939.00
273,835.94,775.66,0.00,1689.67,952.67
274,836.10,777.93,0.00,1678.00,945.00
275,836.26,780.20,0.60,1712.67,943.33
276,836.42,782.46,2.48,1729.00,943.67
277,836.57,784.73,9.15,1743.67,936.00
278,836.73,787.00,11.46,1762.67,942.33
279,836.89,789.26,17.22,1785.67,945.00
280,837.05,791.52,34.90,1814.00,933.67
281,837.21,793.79,40.20,1850.00,953.67
282,837.37,796.05,58.37,1885.00,950.00
283,837.53,798.31,73.25,1915.67,950.67
284,837.69,800.57,105.89,1958.33,940.33
285,837.84,802.83,150.49,2050.33,967.00
286,838.00,805.09,164.50,2049.00,946.33
287,838.16,807.35,187.46,2086.33,940.67
288,838.32,809.61,191.10,2108.67,945.67
289,838.48,811.87,181.47,2094.00,938.00
290,838.64,814.13,193.74,2133.67,953.67
291,838.80,816.38,194.76,2131.67,945.67
292,838.95,818.64,185.45,2126.67,945.00
293,839.11,820.89,173.32,2111.33,938.67
294,839.27,823.15,177.82,2128.33,944.33
295,839.43,825.40,197.20,2161.33,946.00
296,839.59,827.65,215.41,2202.33,952.00
297,839.75,829.90,206.26,2209.33,964.00
298,839.91,832.15,235.59,2240.67,936.33
299,840.07,834.40,269.96,2322.00,959.00
300,840.22,836.65,309.62,2396.00,967.33
301,840.38,838.90,352.13,2461.33,956.33
302,840.54,841.15,388.99,2514.33,937.33
303,840.70,843.40,447.23,2632.67,945.00
304,840.86,845.65,502.99,2757.33,963.33
305,841.02,847.89,582.06,2886.00,943.67
306,841.18,850.14,671.87,3068.00,957.00
307,841.34,852.38,788.86,3276.67,948.00
308,841.50,854.63,935.05,3582.67,984.00
309,841.65,856.87,1129.58,3906.67,948.67
310,841.81,859.11,1353.84,4332.67,950.00
311,841.97,861.35,1689.79,4976.67,931.67
312,842.13,863.60,2048.16,5765.00,950.33
313,842.29,865.84,2602.08,6985.00,946.33
314,842.45,868.07,3416.72,8787.00,940.00
315,842.61,870.31,4658.59,11455.67,954.00
316,842.77,872.55,6611.98,15274.33,959.33
317,842.93,874.79,9786.55,20693.33,955.67
318,843.08,877.03,14365.27,27375.67,972.00
319,843.24,879.26,19971.71,34382.33,942.33
320,843.40,881.50,24884.36,39858.67,941.00
321,843.56,883.73,26901.34,41987.00,958.67
322,843.72,885.97,24998.10,39996.33,957.33
323,843.88,888.20,20230.94,34692.33,949.00
324,844.04,890.43,14659.69,27751.00,946.67
325,844.20,892.66,9990.96,21069.67,961.00
326,844.36,894.89,6651.84,15437.33,945.67
327,844.52,897.12,4621.83,11518.00,947.00
328,844.67,899.35,3363.45,8828.67,960.00
329,844.83,901.58,2569.28,7020.67,945.00
330,844.99,903.81,2023.08,5796.33,941.33
331,845.15,906.04,1634.29,4973.00,943.67
332,845.31,908.26,1337.03,4400.00,955.67
333,845.47,910.49,1081.05,3922.33,952.67
334,845.63,912.71,891.56,3574.67,954.67
335,845.79,914.94,759.39,3323.67,951.67
336,845.95,917.16,635.63,3100.33,952.00
337,846.11,919.38,536.11,2918.00,938.00
338,846.27,921.61,419.25,2882.67,1100.67
339,846.42,923.83,367.03,2645.67,951.00
340,846.58,926.05,302.80,2525.00,944.00
341,846.74,928.27,254.84,2438.00,946.33
342,846.90,930.49,228.27,2390.33,953.00
343,847.06,932.71,201.03,2347.67,960.33
344,847.22,934.92,159.77,2265.00,941.00
345,847.38,937.14,117.75,2200.00,937.33
346,847.54,939.36,89.82,2150.67,930.00
347,847.70,941.57,56.89,2120.00,955.67
348,847.86,943.79,46.99,2085.67,931.67
349,848.02,946.00,29.79,2084.67,953.67
350,848.18,948.21,7.85,2019.33,936.00
351,848.33,950.43,7.84,2027.00,945.67
352,848.49,952.64,8.12,2028.00,939.67
353,848.65,954.85,0.21,1999.00,935.33
354,848.81,957.06,0.00,1978.00,924.67
355,848.97,959.27,0.00,1968.33,943.00
356,849.13,961.48,0.00,1979.33,959.00
357,849.29,963.69,0.00,1966.33,934.33
358,849.45,965.89,0.00,1974.00,964.00
359,849.61,968.10,0.00,1986.67,946.67
360,849.77,970.31,0.00,1977.67,940.00
361,849.93,972.51,0.00,2000.00,939.67
362,850.09,974.71,0.42,2023.33,942.33
363,850.25,976.92,0.00,2014.33,947.00
364,850.40,979.12,0.52,2055.67,959.33
365,850.56,981.32,2.89,2056.00,938.00
366,850.72,983.52,9.42,2107.33,969.33
367,850.88,985.72,41.45,2133.67,939.00
368,851.04,987.92,65.92,2159.00,935.00
369,851.20,990.12,72.10,2185.33,945.00
370,851.36,992.32,89.46,2213.33,931.67
371,851.52,994.52,122.68,2281.67,933.67
372,851.68,996.72,138.97,2335.33,950.67
373,851.84,998.91,156.12,2353.33,930.00
374,852.00,1001.11,205.06,2446.00,935.33
375,852.16,1003.30,263.28,2560.00,956.00
376,852.32,1005.50,309.08,2607.67,927.00
377,852.48,1007.69,346.45,2707.67,951.00
378,852.63,1009.88,393.82,2820.33,964.67
379,852.79,1012.07,441.21,2894.33,945.67
380,852.95,1014.26,527.46,3046.33,943.67
381,853.11,1016.45,612.18,3192.00,936.67
382,853.27,1018.64,690.01,3360.33,958.00
383,853.43,1020.83,813.81,3550.67,920.67
384,853.59,1023.02,956.21,3821.33,937.67
385,853.75,1025.21,1122.03,4124.33,947.00
386,853.91,1027.39,1333.39,4495.67,932.33
387,854.07,1029.58,1541.15,4902.67,939.67
388,854.23,1031.76,1823.20,5450.67,943.67
389,854.39,1033.95,2182.12,6110.67,930.33
390,854.55,1036.13,2681.22,7017.33,938.67
391,854.71,1038.31,3274.97,8049.67,947.67
392,854.87,1040.49,4056.85,9336.33,940.00
393,855.03,1042.68,4949.98,10750.33,948.33
394,855.18,1044.86,5911.41,12190.00,958.67
395,855.34,1047.04,6882.51,13529.33,941.00
396,855.50,1049.21,7701.03,14606.67,948.33
397,855.66,1051.39,8142.39,15122.33,922.67
398,855.82,1053.57,8094.09,15104.67,952.67
399,855.98,1055.75,7457.43,14323.33,959.00
400,856.14,1057.92,6550.73,13174.33,947.00
401,856.30,1060.10,5561.54,11839.00,936.67
402,856.46,1062.27,4680.88,10561.33,943.67
403,856.62,1064.44,4038.04,9532.33,947.00
404,856.78,1066.62,3644.96,8812.00,934.67
405,856.94,1068.79,3451.94,8415.67,939.33
406,857.10,1070.96,3343.42,8164.33,936.00
407,857.26,1073.13,3361.25,8171.67,946.33
408,857.42,1075.30,3457.77,8333.67,957.33
409,857.58,1077.47,3653.90,8630.33,922.00
410,857.74,1079.64,3928.38,9124.00,943.67
411,857.90,1081.80,4315.16,9786.00,932.33
412,858.06,1083.97,4741.26,10531.33,938.67
413,858.21,1086.14,5291.31,11464.33,954.00
414,858.37,1088.30,5970.41,12502.67,937.67
415,858.53,1090.46,6713.09,13564.00,952.67
416,858.69,1092.63,7480.04,14533.67,935.67
417,858.85,1094.79,8018.61,15142.67,947.67
418,859.01,1096.95,8253.65,15357.67,934.67
419,859.17,1099.11,7839.90,14794.00,956.33
420,859.33,1101.27,7055.58,13798.67,945.00
421,859.49,1103.43,5980.89,12418.67,964.00
422,859.65,1105.59,4927.88,10933.00,941.00
423,859.81,1107.75,4081.53,9663.67,959.00
424,859.97,1109.91,3496.61,8649.33,936.67
425,860.13,1112.06,3130.24,7933.67,928.33
426,860.29,1114.22,2900.75,7432.33,939.33
427,860.45,1116.38,2775.60,7087.00,930.33
428,860.61,1118.53,2679.94,6824.67,927.00
429,860.77,1120.68,2542.17,6566.33,946.00
430,860.93,1122.84,2357.81,6261.00,943.00
431,861.09,1124.99,2115.79,5884.67,939.67
432,861.25,1127.14,1899.32,5564.33,952.67
433,861.40,1129.29,1664.36,5188.67,951.67
434,861.56,1131.44,1471.71,4865.33,932.67
435,861.72,1133.59,1245.76,4509.67,937.67
436,861.88,1135.74,1073.07,4233.00,938.67
437,862.04,1137.88,917.12,3966.00,935.00
438,862.20,1140.03,816.98,3800.67,945.00
439,862.36,1142.18,705.32,3598.67,939.33
440,862.52,1144.32,631.83,3472.33,940.00
441,862.68,1146.46,555.91,3341.33,938.33
442,862.84,1148.61,492.62,3241.67,948.33
443,863.00,1150.75,436.35,3128.33,934.67
444,863.16,1152.89,404.93,3077.33,936.67
445,863.32,1155.03,333.78,2960.33,932.00
446,863.48,1157.17,284.37,2890.67,937.33
447,863.64,1159.31,241.28,2812.67,930.67
448,863.80,1161.45,196.21,2746.00,943.67
449,863.96,1163.59,170.99,2696.00,934.33
450,864.12,1165.73,118.78,2636.33,947.33
451,864.28,1167.86,72.81,2589.00,959.33
452,864.44,1170.00,33.24,2506.67,938.00
453,864.60,1172.13,15.47,2470.00,931.67
454,864.76,1174.27,4.21,2451.67,939.67
455,864.91,1176.40,0.71,2426.33,926.67
456,865.07,1178.53,0.00,2406.67,929.67
457,865.23,1180.67,0.00,2394.00,944.33
458,865.39,1182.80,0.00,2390.33,947.00
459,865.55,1184.93,0.00,2366.00,919.67
460,865.71,1187.06,0.00,2396.33,945.00
461,865.87,1189.19,0.00,2366.67,953.67
462,866.03,1191.31,0.00,2399.67,942.00
463,866.19,1193.44,0.00,2392.33,943.00
464,866.35,1195.57,0.00,2392.00,936.00
465,866.51,1197.69,0.00,2421.33,940.33
466,866.67,1199.82,0.00,2425.67,945.67
467,866.83,1201.94,0.00,2424.00,932.00
468,866.99,1204.06,0.00,2465.67,947.00
469,867.15,1206.19,0.00,2458.00,937.67
470,867.31,1208.31,0.00,2499.33,948.00
471,867.47,1210.43,0.00,2509.67,940.33
472,867.63,1212.55,0.00,2565.00,948.33
473,867.79,1214.67,0.00,2574.33,929.33
474,867.95,1216.79,0.00,2600.33,924.67
475,868.11,1218.91,0.00,2655.33,936.33
476,868.27,1221.02,0.46,2742.00,945.00
477,868.43,1223.14,1.69,2763.00,936.67
478,868.58,1225.25,29.89,2863.33,930.67
479,868.74,1227.37,67.55,2956.00,954.00
480,868.90,1229.48,89.47,3009.33,951.33
481,869.06,1231.60,107.43,3076.33,950.67
482,869.22,1233.71,153.92,3191.33,951.33
483,869.38,1235.82,184.33,3256.67,937.67
484,869.54,1237.93,225.34,3374.33,956.67
485,869.70,1240.04,256.47,3437.00,926.33
486,869.86,1242.15,271.14,3527.33,947.67
487,870.02,1244.26,326.38,3650.00,941.67
488,870.18,1246.36,385.22,3753.67,924.67
489,870.34,1248.47,476.16,3949.00,945.00
490,870.50,1250.58,520.41,4065.33,944.33
491,870.66,1252.68,575.73,4224.33,951.00
492,870.82,1254.79,660.05,4438.67,966.00
493,870.98,1256.89,811.13,4727.00,951.00
494,871.14,1258.99,977.89,5053.00,952.00
495,871.30,1261.10,1181.00,5439.33,948.67
496,871.46,1263.20,1476.54,5983.00,950.67
497,871.62,1265.30,1827.49,6583.00,946.33
498,871.78,1267.40,2283.24,7297.00,937.33
499,871.94,1269.50,2788.28,8012.00,932.67
500,872.10,1271.59,3395.71,8824.67,940.33
501,872.25,1273.69,3821.66,9342.67,950.67
502,872.41,1275.79,4054.82,9629.67,938.00
503,872.57,1277.88,3907.39,9493.67,938.33
504,872.73,1279.98,3507.59,9084.67,949.67
505,872.89,1282.07,2963.71,8433.00,933.00
506,873.05,1284.17,2423.24,7758.33,951.33
507,873.21,1286.26,1973.23,7113.00,933.00
508,873.37,1288.35,1594.67,6526.67,923.33
509,873.53,1290.44,1311.04,6081.67,935.33
510,873.69,1292.53,1115.19,5759.33,933.33
511,873.85,1294.62,935.39,5468.33,932.33
512,874.01,1296.71,800.68,5264.33,935.67
513,874.17,1298.80,692.93,5113.33,946.00
514,874.33,1300.88,617.53,4987.33,928.00
515,874.49,1302.97,545.17,4910.33,949.67
516,874.65,1305.06,503.73,4857.00,933.00
517,874.81,1307.14,426.27,4765.67,931.33
518,874.97,1309.22,386.75,4742.33,940.00
519,875.13,1311.31,348.58,4709.00,947.00
520,875.29,1313.39,367.01,4756.33,943.67
521,875.44,1315.47,313.46,4677.33,925.33
522,875.60,1317.55,299.91,4710.67,949.67
523,875.76,1319.63,286.45,4703.00,932.33
524,875.92,1321.71,249.58,4681.33,939.00
525,876.08,1323.79,240.27,4719.00,960.00
526,876.24,1325.87,208.50,4698.00,956.33
527,876.40,1327.94,195.44,4698.00,941.00
528,876.56,1330.02,162.21,4667.33,931.00
529,876.72,1332.09,152.90,4698.33,950.00
530,876.88,1334.17,155.42,4722.67,947.67
531,877.04,1336.24,144.38,4715.00,930.67
532,877.20,1338.32,129.09,4730.00,932.33
533,877.36,1340.39,112.10,4749.67,935.33
534,877.52,1342.46,83.61,4738.00,934.00
535,877.68,1344.53,96.67,4793.00,943.67
536,877.84,1346.60,118.35,4832.00,940.00
537,878.00,1348.67,124.79,4840.67,931.00
538,878.16,1350.73,163.98,4915.33,936.00
539,878.32,1352.80,142.94,4906.33,954.33
540,878.47,1354.87,205.04,4979.67,933.33
541,878.63,1356.93,238.98,5038.67,952.00
542,878.79,1359.00,276.07,5074.00,940.00
543,878.95,1361.06,319.42,5129.67,933.33
544,879.11,1363.13,365.47,5203.33,939.67
545,879.27,1365.19,422.53,5294.00,947.00
546,879.43,1367.25,483.85,5373.00,935.00
547,879.59,1369.31,544.56,5465.33,935.00
548,879.75,1371.37,607.55,5565.00,941.00
549,879.91,1373.43,709.47,5713.33,941.67
550,880.07,1375.49,794.05,5815.00,934.33
551,880.23,1377.55,907.90,5975.33,944.67
552,880.39,1379.60,995.11,6086.67,943.67
553,880.55,1381.66,1063.08,6177.00,939.00
554,880.71,1383.71,1107.76,6253.00,943.67
555,880.87,1385.77,1130.07,6320.67,971.00
556,881.03,1387.82,1158.55,6336.00,939.67
557,881.18,1389.87,1201.17,6410.67,946.67
558,881.34,1391.93,1218.15,6417.00,923.33
559,881.50,1393.98,1237.47,6472.33,947.00
560,881.66,1396.03,1312.13,6567.33,930.33
561,881.82,1398.08,1366.66,6659.67,951.67
562,881.98,1400.13,1458.96,6789.67,952.67
563,882.14,1402.17,1549.01,6915.67,949.00
564,882.30,1404.22,1640.74,7052.33,948.33
565,882.46,1406.27,1736.80,7193.00,947.33
566,882.62,1408.31,1865.21,7359.00,931.00
567,882.78,1410.36,2007.78,7562.33,936.67
568,882.94,1412.40,2139.95,7764.00,950.00
569,883.10,1414.45,2261.10,7940.00,939.67
570,883.26,1416.49,2350.25,8085.00,939.67
571,883.42,1418.53,2507.34,8337.33,941.67
572,883.57,1420.57,2640.28,8560.00,956.33
573,883.73,1422.61,2788.57,8779.00,947.00
574,883.89,1424.65,3009.28,9102.00,930.00
575,884.05,1426.69,3203.73,9429.67,957.33
576,884.21,1428.73,3461.13,9829.00,949.33
577,884.37,1430.76,3739.19,10276.33,944.33
578,884.53,1432.80,4083.36,10865.33,964.00
579,884.69,1434.83,4448.19,11440.67,937.00
580,884.85,1436.87,4983.48,12301.33,940.33
581,885.01,1438.90,5622.45,13302.33,944.33
582,885.17,1440.93,6371.01,14436.67,935.00
583,885.33,1442.97,7243.03,15757.00,961.33
584,885.49,1445.00,8265.35,17178.33,936.00
585,885.64,1447.03,9367.70,18629.00,930.00
586,885.80,1449.06,10533.99,20090.00,938.00
587,885.96,1451.09,11466.95,21167.00,950.00
588,886.12,1453.11,12016.05,21724.67,954.00
589,886.28,1455.14,12136.41,21809.33,962.00
590,886.44,1457.17,11576.65,21098.33,950.00
591,886.60,1459.19,10500.12,19816.33,941.33
592,886.76,1461.22,9147.14,18186.00,944.67
593,886.92,1463.24,7809.12,16457.67,922.00
594,887.08,1465.26,6688.97,14960.33,960.33
595,887.24,1467.29,5832.60,13661.67,941.00
596,887.40,1469.31,5288.24,12769.67,938.33
597,887.56,1471.33,4904.48,12077.33,939.33
598,887.71,1473.35,4752.15,11718.00,934.33
599,887.87,1475.37,4675.95,11475.67,944.33
600,888.03,1477.38,4740.55,11433.67,943.67
601,888.19,1479.40,4782.05,11343.33,927.33
602,888.35,1481.42,4789.09,11265.00,954.33
603,888.51,1483.43,4766.73,11154.67,952.00
604,888.67,1485.45,4526.02,10780.67,950.00
605,888.83,1487.46,4220.80,10357.33,940.33
606,888.99,1489.48,3809.25,9815.67,940.67
607,889.15,1491.49,3357.34,9209.00,938.33
608,889.31,1493.50,2951.25,8654.00,943.00
609,889.46,1495.51,2587.68,8116.00,935.33
610,889.62,1497.52,2280.01,7643.33,942.33
611,889.78,1499.53,2073.45,7282.00,928.67
612,889.94,1501.54,1877.16,6935.00,922.00
613,890.10,1503.55,1721.00,6682.33,937.33
614,890.26,1505.56,1591.18,6477.33,940.33
615,890.42,1507.56,1410.78,6196.67,935.33
616,890.58,1509.57,1297.07,6015.33,936.67
617,890.74,1511.57,1215.25,5887.00,956.33
618,890.90,1513.57,1167.75,5763.67,930.00
619,891.05,1515.58,1072.32,5603.33,929.00
620,891.21,1517.58,992.74,5486.00,940.33
621,891.37,1519.58,930.06,5355.67,913.67
622,891.53,1521.58,869.01,5288.00,947.00
623,891.69,1523.58,794.97,5159.67,935.67
624,891.85,1525.58,739.01,5074.00,938.67
625,892.01,1527.58,666.10,4953.00,936.67
626,892.17,1529.57,629.49,4897.00,950.00
627,892.33,1531.57,595.77,4803.33,920.00
628,892.49,1533.57,530.58,4722.67,944.33
629,892.64,1535.56,490.63,4639.33,926.67
630,892.80,1537.56,424.39,4535.00,929.33
631,892.96,1539.55,412.48,4537.33,957.00
632,893.12,1541.54,358.97,4427.33,933.67
633,893.28,1543.53,289.93,4312.00,932.33
634,893.44,1545.52,289.19,4304.33,939.67
635,893.60,1547.51,259.69,4255.00,941.67
636,893.76,1549.50,189.89,4137.33,927.67
637,893.92,1551.49,154.90,4090.33,935.00
638,894.07,1553.48,130.41,4053.33,943.00
639,894.23,1555.46,93.14,3975.00,931.33
640,894.39,1557.45,89.26,3959.67,933.00
641,894.55,1559.44,53.37,3883.33,922.67
642,894.71,1561.42,41.09,3866.00,944.33
643,894.87,1563.40,16.16,3796.33,944.67
644,895.03,1565.39,48.13,3785.67,917.00
645,895.19,1567.37,20.84,3758.33,949.33
646,895.34,1569.35,11.30,3730.00,953.00
647,895.50,1571.33,1.64,3673.00,943.00
648,895.66,1573.31,0.00,3621.33,929.67
649,895.82,1575.29,0.39,3598.00,924.00
650,895.98,1577.26,0.00,3563.33,931.67
651,896.14,1579.24,0.00,3541.33,943.67
652,896.30,1581.22,0.00,3496.33,929.00
653,896.46,1583.19,0.00,3462.67,941.67
654,896.61,1585.17,0.00,3446.00,933.67
655,896.77,1587.14,0.00,3434.00,934.67
656,896.93,1589.11,0.00,3395.00,947.33
657,897.09,1591.09,0.00,3373.00,925.33
658,897.25,1593.06,0.00,3351.67,926.00
659,897.41,1595.03,0.00,3371.00,935.67
660,897.57,1597.00,0.00,3349.33,938.67
661,897.73,1598.97,0.00,3335.67,934.33
662,897.88,1600.93,0.00,3344.67,945.00
663,898.04,1602.90,0.25,3332.33,932.33
664,898.20,1604.87,6.84,3353.33,934.67
665,898.36,1606.83,35.86,3377.00,933.33
666,898.52,1608.80,67.18,3377.33,928.67
667,898.68,1610.76,86.93,3396.67,946.33
668,898.84,1612.72,127.85,3413.00,925.33
669,898.99,1614.69,131.29,3413.67,930.67
670,899.15,1616.65,132.02,3426.67,948.00
671,899.31,1618.61,114.58,3364.67,916.33
672,899.47,1620.57,110.17,3355.00,925.33
673,899.63,1622.53,125.42,3366.00,931.67
674,899.79,1624.49,103.12,3327.33,937.00
675,899.95,1626.44,81.28,3278.67,928.00
676,900.10,1628.40,67.83,3255.00,930.00
677,900.26,1630.36,50.19,3230.67,936.67
678,900.42,1632.31,29.73,3198.67,945.67
679,900.58,1634.27,13.60,3151.00,937.67
680,900.74,1636.22,14.45,3121.00,918.00
681,900.90,1638.17,14.26,3137.33,940.33
682,901.05,1640.12,0.04,3111.00,957.67
683,901.21,1642.07,1.43,3080.67,934.00
684,901.37,1644.02,1.24,3068.67,936.33
685,901.53,1645.97,6.11,3051.00,923.33
686,901.69,1647.92,7.59,3054.33,940.00
687,901.85,1649.87,14.72,3043.67,933.00
688,902.00,1651.82,0.00,3011.00,933.67
689,902.16,1653.76,18.98,3037.00,943.67
690,902.32,1655.71,18.57,3011.00,928.00
691,902.48,1657.65,4.58,2994.67,943.67
692,902.64,1659.60,13.62,2982.67,927.33
693,902.80,1661.54,24.62,3011.67,955.00
694,902.95,1663.48,32.01,2985.67,938.67
695,903.11,1665.42,44.07,2996.00,950.67
696,903.27,1667.36,41.89,2971.00,936.33
697,903.43,1669.30,26.26,2938.33,928.00
698,903.59,1671.24,25.44,2956.00,951.33
699,903.75,1673.18,14.41,2913.33,939.67
700,903.90,1675.11,38.93,2941.67,943.00
701,904.06,1677.05,54.41,2934.00,934.33
702,904.22,1678.99,58.42,2911.00,924.00
703,904.38,1680.92,60.04,2914.00,938.67
704,904.54,1682.85,84.40,2957.33,963.33
705,904.70,1684.79,67.19,2897.67,934.67
706,904.85,1686.72,78.36,2900.33,926.67
707,905.01,1688.65,55.29,2873.67,937.67
708,905.17,1690.58,54.08,2858.67,935.00
709,905.33,1692.51,75.81,2856.67,917.33
710,905.49,1694.44,104.34,2882.67,922.00
711,905.64,1696.37,75.05,2857.00,951.33
712,905.80,1698.29,110.68,2872.33,934.00
713,905.96,1700.22,111.24,2890.33,967.00
714,906.12,1702.15,122.74,2874.33,948.33
715,906.28,1704.07,110.44,2829.00,924.00
716,906.43,1706.00,85.85,2810.33,943.00
717,906.59,1707.92,89.79,2812.00,948.67
718,906.75,1709.84,82.80,2789.33,951.33
719,906.91,1711.76,106.47,2798.00,945.00
720,907.07,1713.68,81.69,2733.33,926.67
721,907.22,1715.60,87.09,2741.33,939.00
722,907.38,1717.52,71.13,2712.33,941.33
723,907.54,1719.44,73.36,2707.33,942.33
724,907.70,1721.36,55.97,2669.33,935.33
725,907.86,1723.27,43.87,2651.00,942.33
726,908.01,1725.19,42.88,2630.33,934.00
727,908.17,1727.11,41.53,2629.33,949.67
728,908.33,1729.02,44.22,2610.67,943.67
729,908.49,1730.93,56.69,2599.33,931.67
730,908.65,1732.85,40.67,2570.00,933.67
731,908.80,1734.76,44.71,2564.33,932.33
732,908.96,1736.67,20.80,2532.00,940.33
733,909.12,1738.58,36.24,2523.00,917.67
734,909.28,1740.49,17.47,2499.33,930.00
735,909.44,1742.40,8.93,2481.00,936.00
736,909.59,1744.30,24.01,2498.00,941.00
737,909.75,1746.21,19.12,2475.00,941.00
738,909.91,1748.12,22.18,2456.00,933.33
739,910.07,1750.02,38.58,2456.33,929.33
740,910.22,1751.93,27.50,2447.67,942.33
741,910.38,1753.83,21.43,2431.33,939.00
742,910.54,1755.73,9.58,2437.33,969.67
743,910.70,1757.63,4.64,2368.00,919.33
744,910.85,1759.54,11.43,2394.67,947.33
745,911.01,1761.44,12.28,2375.00,940.00
746,911.17,1763.34,0.00,2334.33,930.00
747,911.33,1765.23,12.77,2339.67,929.67
748,911.49,1767.13,7.53,2332.67,936.33
749,911.64,1769.03,1.81,2322.00,940.00
750,911.80,1770.93,0.00,2289.00,926.00
751,911.96,1772.82,0.00,2270.00,930.67
752,912.12,1774.72,0.00,2281.00,950.00
753,912.27,1776.61,0.00,2253.67,933.00
754,912.43,1778.50,0.00,2244.00,924.67
755,912.59,1780.39,1.54,2271.00,950.00
756,912.75,1782.29,0.49,2231.00,920.67
757,912.90,1784.18,0.00,2230.33,930.67
758,913.06,1786.07,0.00,2210.00,924.00
759,913.22,1787.95,10.58,2243.00,943.00
760,913.38,1789.84,7.89,2220.00,934.00
761,913.53,1791.73,6.36,2216.33,939.00
762,913.69,1793.62,5.65,2213.00,943.00
763,913.85,1795.50,0.00,2211.67,957.33
764,914.01,1797.39,15.10,2201.33,937.33
765,914.16,1799.27,12.83,2182.67,927.67
766,914.32,1801.15,0.00,2159.00,933.67
767,914.48,1803.04,2.99,2165.00,935.00
768,914.64,1804.92,1.82,2145.00,925.33
769,914.79,1806.80,11.75,2157.67,935.00
770,914.95,1808.68,5.45,2144.67,937.67
771,915.11,1810.56,2.23,2128.33,931.33
772,915.26,1812.44,7.62,2144.67,944.33
773,915.42,1814.31,0.00,2131.67,952.67
774,915.58,1816.19,0.00,2090.33,921.33
775,915.74,1818.07,0.00,2091.33,928.00
776,915.89,1819.94,0.69,2109.33,942.33
777,916.05,1821.81,0.00,2098.00,947.00
778,916.21,1823.69,1.97,2087.00,935.67
779,916.37,1825.56,23.74,2119.00,942.33
780,916.52,1827.43,21.33,2116.00,959.00
781,916.68,1829.30,32.73,2100.00,938.33
782,916.84,1831.17,34.97,2084.00,923.33
783,916.99,1833.04,19.84,2071.00,933.67
784,917.15,1834.91,51.62,2091.00,921.00
785,917.31,1836.78,40.67,2063.67,914.67
786,917.47,1838.64,40.53,2086.00,943.00
787,917.62,1840.51,47.99,2066.00,919.33
788,917.78,1842.38,37.92,2062.33,936.00
789,917.94,1844.24,63.83,2064.33,916.33
790,918.09,1846.10,46.45,2044.00,924.67
791,918.25,1847.97,57.48,2061.00,933.00
792,918.41,1849.83,52.80,2058.67,935.67
793,918.57,1851.69,23.63,2006.67,925.33
794,918.72,1853.55,40.67,2022.33,921.33
795,918.88,1855.41,50.04,2025.33,922.67
796,919.04,1857.27,56.37,2029.67,933.67
797,919.19,1859.13,74.70,2038.33,934.33
798,919.35,1860.98,94.34,2049.67,931.67
799,919.51,1862.84,66.64,2035.33,949.33
800,919.66,1864.69,67.01,2027.67,939.67
801,919.82,1866.55,59.03,2005.67,929.67
802,919.98,1868.40,59.01,2011.00,942.33
803,920.13,1870.26,79.26,2018.33,934.67
804,920.29,1872.11,97.76,2026.33,932.33
805,920.45,1873.96,86.42,2015.67,945.00
806,920.60,1875.81,103.15,2011.67,928.67
807,920.76,1877.66,120.02,2019.00,921.33
808,920.92,1879.51,93.24,1993.33,931.00
809,921.08,1881.36,104.65,2009.33,936.67
810,921.23,1883.20,107.83,2011.67,940.00
811,921.39,1885.05,104.21,1994.00,934.33
812,921.55,1886.90,105.54,1972.00,920.33
813,921.70,1888.74,125.31,1998.67,933.00
814,921.86,1890.58,128.81,2001.67,937.67
815,922.02,1892.43,106.02,1973.00,938.67
816,922.17,1894.27,105.92,1980.67,950.00
817,922.33,1896.11,116.31,1986.00,949.67
818,922.49,1897.95,112.99,1965.33,943.00
819,922.64,1899.79,123.35,1939.00,914.67
820,922.80,1901.63,115.83,1941.00,933.67
821,922.95,1903.47,125.76,1934.33,921.00
822,923.11,1905.31,96.48,1907.00,930.00
823,923.27,1907.14,106.70,1927.33,938.00
824,923.42,1908.98,81.49,1899.00,942.33
825,923.58,1910.81,80.07,1879.67,929.67
826,923.74,1912.65,92.11,1899.00,943.67
827,923.89,1914.48,105.30,1877.67,920.33
828,924.05,1916.31,111.46,1878.33,926.67
829,924.21,1918.15,144.13,1915.33,934.33
830,924.36,1919.98,98.48,1859.33,932.00
831,924.52,1921.81,116.56,1872.67,926.00
832,924.68,1923.64,107.33,1856.00,925.33
833,924.83,1925.46,113.58,1860.67,930.67
834,924.99,1927.29,116.75,1856.67,931.33
835,925.15,1929.12,116.68,1844.00,925.00
836,925.30,1930.94,113.53,1828.33,917.67
837,925.46,1932.77,104.67,1830.00,935.67
838,925.61,1934.59,100.42,1815.00,934.00
839,925.77,1936.42,124.45,1843.33,943.67
840,925.93,1938.24,101.16,1805.00,936.00
841,926.08,1940.06,95.55,1794.00,932.00
842,926.24,1941.88,77.96,1772.00,932.33
843,926.40,1943.70,75.79,1771.33,939.67
844,926.55,1945.52,85.92,1764.00,930.00
845,926.71,1947.34,86.79,1745.33,922.00
846,926.86,1949.16,105.75,1774.00,938.00
847,927.02,1950.98,89.17,1747.67,933.00
848,927.18,1952.79,89.15,1744.33,929.67
849,927.33,1954.61,71.03,1710.00,920.67
850,927.49,1956.42,84.98,1724.67,927.33
851,927.64,1958.24,112.67,1767.67,951.33
852,927.80,1960.05,105.24,1774.67,977.00
853,927.96,1961.86,119.68,1747.00,938.67
854,928.11,1963.67,84.38,1700.33,933.00
855,928.27,1965.48,106.10,1710.00,920.00
856,928.42,1967.29,93.99,1716.33,943.67
857,928.58,1969.10,89.61,1701.00,939.33
858,928.74,1970.91,86.51,1684.00,935.33
859,928.89,1972.72,106.14,1693.00,934.00
860,929.05,1974.52,117.82,1686.00,923.33
861,929.20,1976.33,99.28,1658.67,918.33
862,929.36,1978.13,76.69,1642.67,928.00
863,929.52,1979.94,74.29,1640.33,931.67
864,929.67,1981.74,72.80,1635.33,935.00
865,929.83,1983.54,74.90,1629.33,934.33
866,929.98,1985.35,64.09,1613.67,937.33
867,930.14,1987.15,62.26,1610.67,941.67
868,930.29,1988.95,57.31,1593.00,934.67
869,930.45,1990.75,50.95,1570.00,924.67
870,930.61,1992.54,47.81,1560.00,924.67
871,930.76,1994.34,46.00,1562.33,935.00
872,930.92,1996.14,44.55,1553.67,932.33
873,931.07,1997.93,31.96,1544.67,941.00
874,931.23,1999.73,24.70,1528.33,937.33
875,931.38,2001.52,27.17,1526.00,937.33
876,931.54,2003.32,26.53,1518.67,937.67
877,931.70,2005.11,20.28,1499.67,933.00
878,931.85,2006.90,33.21,1507.67,934.00
879,932.01,2008.69,28.20,1512.33,949.33
880,932.16,2010.48,17.81,1478.33,931.00
881,932.32,2012.27,19.22,1497.33,953.33
882,932.47,2014.06,19.93,1468.00,928.00
883,932.63,2015.85,16.17,1461.67,930.33
884,932.78,2017.63,12.45,1459.33,937.00
885,932.94,2019.42,9.00,1442.67,930.00
886,933.09,2021.21,14.67,1446.33,933.00
887,933.25,2022.99,19.89,1445.67,932.67
888,933.41,2024.77,11.09,1439.33,941.67
889,933.56,2026.56,16.12,1424.00,927.33
890,933.72,2028.34,20.46,1445.67,952.67
891,933.87,2030.12,11.62,1417.00,937.67
892,934.03,2031.90,29.35,1430.00,934.33
893,934.18,2033.68,5.72,1397.33,924.67
894,934.34,2035.46,0.00,1392.67,943.67
895,934.49,2037.24,0.00,1372.67,924.00
896,934.65,2039.01,0.00,1376.67,933.67
897,934.80,2040.79,1.77,1365.33,922.33
898,934.96,2042.57,10.03,1387.33,943.00
899,935.11,2044.34,3.60,1360.00,926.67
900,935.27,2046.11,0.00,1370.67,952.00
901,935.42,2047.89,0.00,1344.00,927.33
902,935.58,2049.66,3.33,1338.00,915.33
903,935.73,2051.43,0.00,1343.00,935.33
904,935.89,2053.20,0.00,1347.67,942.00
905,936.04,2054.97,0.00,1337.00,933.67
906,936.20,2056.74,6.11,1343.00,934.33
907,936.35,2058.51,12.83,1345.33,936.00
908,936.51,2060.28,0.00,1324.00,935.00
909,936.66,2062.04,2.74,1344.67,948.33
910,936.82,2063.81,0.00,1329.67,947.33
911,936.97,2065.57,2.20,1336.00,946.33
912,937.13,2067.34,13.04,1337.33,935.00
913,937.28,2069.10,0.00,1301.67,924.67
914,937.44,2070.86,14.95,1325.00,932.33
915,937.59,2072.63,26.86,1327.00,927.33
916,937.75,2074.39,31.97,1325.67,925.33
917,937.90,2076.15,22.27,1315.67,926.00
918,938.06,2077.91,29.34,1331.00,933.67
919,938.21,2079.67,31.12,1322.33,922.00
920,938.37,2081.42,14.78,1321.00,943.00
921,938.52,2083.18,45.80,1344.67,936.00
922,938.68,2084.94,58.94,1338.00,925.33
923,938.83,2086.69,61.03,1330.33,923.33
924,938.99,2088.45,77.67,1344.67,926.00
925,939.14,2090.20,55.95,1334.67,936.00
926,939.30,2091.95,65.21,1345.67,937.33
927,939.45,2093.70,47.67,1323.00,933.00
928,939.60,2095.46,47.43,1317.33,930.00
929,939.76,2097.21,53.45,1310.33,920.67
930,939.91,2098.96,41.88,1326.67,953.00
931,940.07,2100.70,39.65,1295.33,927.67
932,940.22,2102.45,50.28,1307.67,933.00
933,940.38,2104.20,29.19,1280.00,928.00
934,940.53,2105.95,19.39,1269.00,928.67
935,940.69,2107.69,18.24,1283.33,944.67
936,940.84,2109.44,17.90,1270.33,927.33
937,940.99,2111.18,1.08,1255.67,939.33
938,941.15,2112.92,1.41,1253.67,938.00
939,941.30,2114.67,0.00,1239.67,938.67
940,941.46,2116.41,1.29,1235.33,927.33
941,941.61,2118.15,14.17,1239.67,922.67
942,941.77,2119.89,0.00,1243.33,941.67
943,941.92,2121.63,3.02,1241.33,938.00
944,942.07,2123.37,2.03,1238.00,937.33
945,942.23,2125.10,0.00,1235.33,943.00
946,942.38,2126.84,5.21,1238.33,940.00
947,942.54,2128.58,13.21,1227.00,926.00
948,942.69,2130.31,8.54,1233.33,937.67
949,942.85,2132.05,4.80,1209.33,917.00
950,943.00,2133.78,0.00,1210.67,931.00
951,943.15,2135.51,0.00,1229.00,946.33
952,943.31,2137.24,3.96,1226.33,939.67
953,943.46,2138.97,0.00,1226.00,947.33
954,943.62,2140.70,0.00,1212.67,936.67
955,943.77,2142.43,8.14,1234.67,952.00
956,943.92,2144.16,0.00,1205.67,932.33
957,944.08,2145.89,0.51,1192.00,918.67
958,944.23,2147.62,0.00,1200.00,938.00
959,944.39,2149.34,1.94,1207.00,933.33
960,944.54,2151.07,2.36,1219.00,947.33
961,944.69,2152.79,4.26,1208.33,937.00
962,944.85,2154.52,8.57,1225.67,953.00
963,945.00,2156.24,12.34,1195.67,922.00
964,945.16,2157.96,15.77,1219.00,943.33
965,945.31,2159.68,0.00,1203.67,942.33
966,945.46,2161.40,10.36,1215.67,944.33
967,945.62,2163.12,2.93,1196.67,933.67
968,945.77,2164.84,8.10,1184.33,915.33
969,945.92,2166.56,2.62,1201.33,940.33
970,946.08,2168.28,0.00,1200.00,947.00
971,946.23,2170.00,14.54,1202.00,931.67
972,946.39,2171.71,20.70,1201.33,929.00
973,946.54,2173.43,5.80,1185.33,927.33
974,946.69,2175.14,16.86,1201.00,934.33
975,946.85,2176.85,12.23,1193.67,931.67
976,947.00,2178.57,21.27,1201.33,931.67
977,947.15,2180.28,16.20,1207.00,942.33
978,947.31,2181.99,3.62,1177.00,925.33
979,947.46,2183.70,20.72,1197.67,931.00
980,947.61,2185.41,22.09,1197.00,931.33
981,947.77,2187.12,10.98,1177.00,922.67
982,947.92,2188.82,11.54,1198.00,944.33
983,948.07,2190.53,25.96,1202.00,936.00
984,948.23,2192.24,11.89,1175.67,921.33
985,948.38,2193.94,0.00,1185.67,946.33
986,948.53,2195.65,10.27,1183.33,931.00
987,948.69,2197.35,9.51,1179.33,930.33
988,948.84,2199.05,4.57,1154.33,912.00
989,948.99,2200.76,18.51,1195.00,943.67
990,949.15,2202.46,5.16,1173.33,932.33
991,949.30,2204.16,11.58,1177.33,928.67
992,949.45,2205.86,0.00,1167.33,939.67
993,949.61,2207.56,0.44,1166.33,931.00
994,949.76,2209.25,3.65,1161.33,922.00
995,949.91,2210.95,3.75,1168.33,930.67
996,950.07,2212.65,8.37,1169.67,928.67
997,950.22,2214.34,1.48,1196.67,962.67
998,950.37,2216.04,8.50,1158.00,917.00
999,950.53,2217.73,7.34,1165.00,925.33
1000,950.68,2219.43,8.79,1176.00,935.33
1001,950.83,2221.12,14.44,1200.00,954.33
1002,950.98,2222.81,22.24,1188.00,935.67
1003,951.14,2224.50,20.42,1191.00,941.67
1004,951.29,2226.19,31.50,1185.33,926.67
1005,951.44,2227.88,42.36,1214.67,947.33
1006,951.60,2229.57,50.19,1193.67,920.33
1007,951.75,2231.26,55.45,1196.67,919.33
1008,951.90,2232.94,60.77,1207.67,926.67
1009,952.05,2234.63,76.38,1209.00,916.33
1010,952.21,2236.32,89.08,1226.67,925.33
1011,952.36,2238.00,101.80,1234.00,922.67
1012,952.51,2239.68,94.47,1241.33,935.33
1013,952.67,2241.37,88.54,1239.67,938.00
1014,952.82,2243.05,107.49,1235.67,917.67
1015,952.97,2244.73,114.74,1250.33,926.67
1016,953.12,2246.41,109.71,1267.67,948.67
1017,953.28,2248.09,107.93,1260.67,943.67
1018,953.43,2249.77,118.60,1289.33,964.67
1019,953.58,2251.45,128.32,1257.67,927.33
1020,953.73,2253.12,131.99,1277.00,945.67
1021,953.89,2254.80,136.45,1267.00,932.33
1022,954.04,2256.48,124.94,1246.33,920.67
1023,954.19,2258.15,119.86,1245.00,923.33
1024,954.34,2259.83,132.14,1273.33,941.67
1025,954.50,2261.50,118.50,1246.33,926.67
1026,954.65,2263.17,123.09,1251.00,926.67
1027,954.80,2264.84,122.20,1268.33,943.00
1028,954.95,2266.51,103.61,1246.00,936.00
1029,955.11,2268.18,112.42,1254.00,936.67
1030,955.26,2269.85,131.91,1277.33,945.00
1031,955.41,2271.52,133.47,1262.67,932.00
1032,955.56,2273.19,139.71,1275.33,942.33
1033,955.71,2274.86,154.01,1272.00,930.33
1034,955.87,2276.52,165.68,1292.67,945.00
1035,956.02,2278.19,170.97,1285.00,935.67
1036,956.17,2279.85,185.91,1307.67,947.00
1037,956.32,2281.52,158.32,1281.67,941.67
1038,956.48,2283.18,152.85,1256.33,919.00
1039,956.63,2284.84,156.62,1271.33,929.33
1040,956.78,2286.50,140.97,1253.67,923.67
1041,956.93,2288.16,127.98,1243.67,924.33
1042,957.08,2289.82,131.52,1238.67,917.33
1043,957.24,2291.48,120.60,1245.67,936.00
1044,957.39,2293.14,129.26,1249.33,936.00
1045,957.54,2294.80,117.56,1224.00,922.67
1046,957.69,2296.45,128.63,1230.33,921.00
1047,957.84,2298.11,100.82,1229.67,941.00
1048,957.99,2299.76,88.17,1229.67,949.33
1049,958.15,2301.42,79.15,1205.00,930.67
1050,958.30,2303.07,72.81,1206.33,936.67
1051,958.45,2304.73,66.50,1195.33,931.33
1052,958.60,2306.38,56.43,1190.00,936.00
1053,958.75,2308.03,60.26,1177.00,922.00
1054,958.91,2309.68,66.78,1190.67,933.00
1055,959.06,2311.33,58.74,1199.33,949.67
1056,959.21,2312.98,66.59,1173.33,917.67
1057,959.36,2314.62,46.31,1177.67,937.00
1058,959.51,2316.27,54.16,1177.33,928.67
1059,959.66,2317.92,40.68,1173.33,935.33
1060,959.82,2319.56,49.23,1189.00,943.67
1061,959.97,2321.21,43.98,1178.33,939.33
1062,960.12,2322.85,55.05,1179.00,933.67
1063,960.27,2324.49,72.28,1176.33,921.00
1064,960.42,2326.14,64.54,1171.67,924.67
1065,960.57,2327.78,75.70,1187.00,933.00
1066,960.72,2329.42,69.51,1188.00,938.67
1067,960.88,2331.06,66.73,1169.67,922.33
1068,961.03,2332.70,53.85,1180.33,942.33
1069,961.18,2334.34,61.98,1164.33,919.00
1070,961.33,2335.97,48.81,1173.67,936.33
1071,961.48,2337.61,38.51,1162.67,932.00
1072,961.63,2339.25,20.66,1151.00,936.33
1073,961.78,2340.88,40.55,1164.67,934.67
1074,961.93,2342.52,40.64,1157.00,931.00
1075,962.09,2344.15,44.33,1157.67,932.33
1076,962.24,2345.78,38.78,1154.67,934.33
1077,962.39,2347.41,49.97,1159.33,930.00
1078,962.54,2349.05,24.17,1142.67,930.33
1079,962.69,2350.68,15.09,1139.00,933.00
1080,962.84,2352.31,25.62,1147.33,931.00
1081,962.99,2353.94,17.83,1145.67,937.33
1082,963.14,2355.56,12.70,1130.67,928.67
1083,963.29,2357.19,22.06,1150.00,943.00
1084,963.45,2358.82,39.48,1141.00,924.67
1085,963.60,2360.44,32.89,1153.67,942.67
1086,963.75,2362.07,15.91,1142.33,942.33
1087,963.90,2363.69,15.38,1128.33,928.67
1088,964.05,2365.32,15.53,1158.67,958.67
1089,964.20,2366.94,14.67,1141.00,940.33
1090,964.35,2368.56,4.87,1135.33,942.33
1091,964.50,2370.18,3.40,1115.33,923.33
1092,964.65,2371.80,0.00,1130.33,947.33
1093,964.80,2373.42,1.54,1116.67,928.67
1094,964.95,2375.04,5.12,1124.00,934.00
1095,965.10,2376.66,6.13,1123.33,933.67
1096,965.25,2378.27,4.40,1114.33,926.00
1097,965.41,2379.89,0.00,1114.33,936.00
1098,965.56,2381.51,0.00,1120.33,937.33
1099,965.71,2383.12,5.62,1109.33,919.33
1100,965.86,2384.73,0.00,1117.67,936.67
1101,966.01,2386.35,0.00,1120.67,941.00
1102,966.16,2387.96,2.29,1119.67,930.33
1103,966.31,2389.57,0.00,1109.67,923.33
1104,966.46,2391.18,3.48,1137.67,946.33
1105,966.61,2392.79,0.00,1110.67,924.00
1106,966.76,2394.40,10.31,1129.00,932.33
1107,966.91,2396.01,9.00,1126.67,930.00
1108,967.06,2397.62,0.00,1137.67,947.67
1109,967.21,2399.22,7.95,1130.33,931.67
1110,967.36,2400.83,9.13,1124.00,924.00
1111,967.51,2402.43,8.74,1143.00,943.67
1112,967.66,2404.04,26.61,1155.33,946.33
1113,967.81,2405.64,10.53,1128.33,928.00
1114,967.96,2407.25,21.32,1130.33,922.67
1115,968.11,2408.85,15.18,1127.00,918.00
1116,968.26,2410.45,2.64,1133.67,932.00
1117,968.41,2412.05,0.00,1137.67,943.00
1118,968.56,2413.65,0.43,1133.33,931.33
1119,968.71,2415.25,0.00,1146.00,955.00
1120,968.86,2416.85,0.00,1153.67,954.67
1121,969.01,2418.44,3.48,1139.00,931.00
1122,969.16,2420.04,11.98,1151.33,937.67
1123,969.31,2421.64,6.41,1138.00,928.33
1124,969.46,2423.23,13.73,1147.33,932.33
1125,969.61,2424.83,8.60,1140.33,926.00
1126,969.76,2426.42,17.14,1158.33,935.33
1127,969.91,2428.01,0.00,1140.67,928.67
1128,970.06,2429.60,15.88,1144.00,917.67
1129,970.21,2431.20,0.00,1160.67,946.33
1130,970.36,2432.79,33.45,1166.33,928.67
1131,970.51,2434.38,16.94,1173.00,945.00
1132,970.66,2435.96,14.44,1162.33,934.33
1133,970.81,2437.55,10.10,1159.33,932.33
1134,970.96,2439.14,23.50,1167.00,929.67
1135,971.11,2440.73,16.98,1175.33,939.67
1136,971.26,2442.31,7.16,1171.67,940.67
1137,971.41,2443.90,14.38,1167.67,927.33
1138,971.56,2445.48,0.00,1167.67,941.33
1139,971.71,2447.06,20.13,1183.00,936.00
1140,971.86,2448.65,22.55,1173.67,926.67
1141,972.01,2450.23,38.33,1197.33,941.67
1142,972.16,2451.81,34.26,1193.67,940.33
1143,972.30,2453.39,43.08,1187.33,926.67
1144,972.45,2454.97,41.10,1195.00,932.00
1145,972.60,2456.55,27.07,1201.67,945.00
1146,972.75,2458.13,32.51,1195.33,933.00
1147,972.90,2459.70,47.81,1226.33,952.67
1148,973.05,2461.28,39.42,1196.00,928.00
1149,973.20,2462.85,56.04,1206.00,927.33
1150,973.35,2464.43,50.14,1215.33,940.00
1151,973.50,2466.00,47.87,1223.00,948.00
1152,973.65,2467.58,74.93,1225.33,931.67
1153,973.80,2469.15,43.34,1201.33,924.33
1154,973.95,2470.72,47.78,1211.67,929.00
1155,974.09,2472.29,41.43,1203.33,924.00
1156,974.24,2473.86,44.48,1207.00,926.67
1157,974.39,2475.43,58.39,1221.67,934.67
1158,974.54,2477.00,73.09,1220.00,924.00
1159,974.69,2478.57,53.32,1227.67,938.00
1160,974.84,2480.13,30.58,1215.33,935.00
1161,974.99,2481.70,14.99,1205.33,934.00
1162,975.14,2483.27,4.95,1195.33,931.00
1163,975.29,2484.83,44.25,1220.00,928.00
1164,975.43,2486.40,32.52,1207.33,924.00
1165,975.58,2487.96,12.76,1199.67,927.67
1166,975.73,2489.52,5.34,1200.67,932.00
1167,975.88,2491.08,42.49,1226.00,934.67
1168,976.03,2492.64,8.67,1205.67,933.00
1169,976.18,2494.20,7.72,1206.67,933.33
1170,976.33,2495.76,26.69,1219.00,932.33
1171,976.48,2497.32,0.00,1205.33,936.00
1172,976.62,2498.88,3.78,1198.67,921.33
1173,976.77,2500.44,2.32,1196.33,917.67
1174,976.92,2501.99,0.00,1217.00,947.33
1175,977.07,2503.55,0.00,1196.33,922.67
1176,977.22,2505.10,0.00,1221.00,945.00
1177,977.37,2506.66,20.00,1219.67,924.33
1178,977.51,2508.21,0.00,1215.33,935.00
1179,977.66,2509.76,27.09,1231.33,934.67
1180,977.81,2511.31,6.90,1223.33,934.00
1181,977.96,2512.86,9.86,1217.33,923.33
1182,978.11,2514.41,10.44,1231.00,933.67
1183,978.26,2515.96,10.96,1231.67,931.67
1184,978.40,2517.51,15.93,1246.33,940.67
1185,978.55,2519.06,22.74,1254.33,942.33
1186,978.70,2520.61,26.59,1251.33,936.00
1187,978.85,2522.15,34.93,1252.33,931.00
1188,979.00,2523.70,76.79,1291.33,943.00
1189,979.15,2525.24,57.31,1253.00,916.33
1190,979.29,2526.79,98.29,1295.67,932.33
1191,979.44,2528.33,88.66,1304.67,945.67
1192,979.59,2529.87,123.92,1318.67,937.33
1193,979.74,2531.41,159.67,1366.67,964.00
1194,979.88,2532.95,173.94,1329.67,918.67
1195,980.03,2534.49,198.16,1359.67,934.00
1196,980.18,2536.03,205.18,1370.00,939.33
1197,980.33,2537.57,257.23,1387.67,926.67
1198,980.48,2539.11,267.98,1415.67,948.67
1199,980.62,2540.65,282.40,1426.33,951.67
1200,980.77,2542.18,323.89,1428.33,931.33
1201,980.92,2543.72,309.45,1428.33,939.67
1202,981.07,2545.25,340.67,1450.00,944.33
1203,981.21,2546.79,347.28,1450.00,939.67
1204,981.36,2548.32,316.77,1428.33,932.33
1205,981.51,2549.85,318.48,1449.33,950.00
1206,981.66,2551.38,273.09,1429.67,952.67
1207,981.81,2552.91,300.86,1436.00,941.33
1208,981.95,2554.44,236.50,1400.33,938.00
1209,982.10,2555.97,227.31,1410.67,950.00
1210,982.25,2557.50,203.52,1405.00,954.67
1211,982.40,2559.03,167.39,1369.00,937.33
1212,982.54,2560.56,159.19,1378.67,950.67
1213,982.69,2562.08,156.68,1361.33,934.00
1214,982.84,2563.61,137.94,1368.00,950.00
1215,982.98,2565.13,118.72,1338.67,929.67
1216,983.13,2566.66,111.57,1362.67,955.67
1217,983.28,2568.18,99.43,1343.33,941.67
1218,983.43,2569.70,105.39,1352.67,946.67
1219,983.57,2571.22,78.03,1349.67,959.00
1220,983.72,2572.74,108.17,1360.00,952.67
1221,983.87,2574.26,103.20,1351.67,947.00
1222,984.01,2575.78,83.72,1340.33,945.33
1223,984.16,2577.30,107.23,1346.67,938.00
1224,984.31,2578.82,77.06,1325.33,931.00
1225,984.46,2580.34,101.05,1349.33,940.00
1226,984.60,2581.85,82.69,1340.00,938.33
1227,984.75,2583.37,86.31,1336.67,931.00
1228,984.90,2584.88,63.19,1321.00,927.33
1229,985.04,2586.40,108.98,1353.67,935.00
1230,985.19,2587.91,92.76,1346.33,937.33
1231,985.34,2589.42,98.10,1357.00,945.67
1232,985.48,2590.93,124.77,1366.33,941.00
1233,985.63,2592.44,100.58,1348.00,933.00
1234,985.78,2593.96,102.67,1367.67,949.67
1235,985.92,2595.46,95.11,1389.67,974.33
1236,986.07,2596.97,84.72,1355.33,945.00
1237,986.22,2598.48,133.20,1369.00,935.33
1238,986.36,2599.99,80.70,1366.00,958.00
1239,986.51,2601.49,85.56,1355.00,944.33
1240,986.66,2603.00,72.11,1360.67,954.33
1241,986.80,2604.50,87.17,1377.67,959.33
1242,986.95,2606.01,42.87,1349.67,949.67
1243,987.10,2607.51,16.88,1354.33,967.33
1244,987.24,2609.01,17.42,1342.33,953.67
1245,987.39,2610.52,18.58,1347.67,958.67
1246,987.54,2612.02,10.40,1308.67,924.67
1247,987.68,2613.52,19.93,1350.00,960.67
1248,987.83,2615.02,10.31,1341.00,953.67
1249,987.97,2616.52,5.19,1339.00,950.00
1250,988.12,2618.01,0.00,1333.00,951.33
1251,988.27,2619.51,0.00,1334.67,954.67
1252,988.41,2621.01,0.00,1329.00,945.67
1253,988.56,2622.50,0.00,1331.67,947.33
1254,988.71,2624.00,0.00,1317.00,932.67
1255,988.85,2625.49,0.00,1322.00,938.00
1256,989.00,2626.99,0.00,1327.67,945.00
1257,989.14,2628.48,0.00,1336.67,948.67
1258,989.29,2629.97,16.00,1345.67,941.67
1259,989.44,2631.46,20.70,1364.33,959.00
1260,989.58,2632.95,0.18,1345.67,945.00
1261,989.73,2634.44,4.15,1353.00,945.67
1262,989.87,2635.93,0.00,1343.33,951.33
1263,990.02,2637.42,0.00,1353.00,946.33
1264,990.16,2638.91,0.00,1343.33,936.00
1265,990.31,2640.39,0.00,1364.67,952.00
1266,990.46,2641.88,3.75,1371.67,948.33
1267,990.60,2643.36,0.00,1368.00,957.67
1268,990.75,2644.85,35.36,1400.00,963.33
1269,990.89,2646.33,0.00,1392.33,966.00
1270,991.04,2647.81,20.83,1379.67,937.33
1271,991.18,2649.30,3.39,1386.00,945.00
1272,991.33,2650.78,0.00,1381.00,941.67
1273,991.48,2652.26,0.00,1370.33,944.33
1274,991.62,2653.74,0.00,1383.67,944.33
1275,991.77,2655.22,0.00,1390.33,943.67
1276,991.91,2656.70,0.00,1389.67,936.67
1277,992.06,2658.17,0.00,1412.00,951.33
1278,992.20,2659.65,0.00,1410.67,947.67
1279,992.35,2661.13,0.00,1410.67,934.33
1280,992.49,2662.60,0.00,1413.33,939.67
1281,992.64,2664.08,0.00,1424.00,951.67
1282,992.78,2665.55,0.00,1453.67,955.00
1283,992.93,2667.02,0.00,1454.33,958.00
1284,993.07,2668.50,0.00,1464.67,952.00
1285,993.22,2669.97,0.00,1476.00,950.33
1286,993.36,2671.44,0.00,1488.33,951.67
1287,993.51,2672.91,0.84,1504.33,942.33
1288,993.65,2674.38,0.18,1519.67,954.33
1289,993.80,2675.85,3.63,1524.00,942.33
1290,993.94,2677.31,17.88,1554.33,950.00
1291,994.09,2678.78,61.21,1591.67,952.00
1292,994.23,2680.25,86.57,1601.00,945.67
1293,994.38,2681.71,110.07,1628.33,955.67
1294,994.52,2683.18,136.21,1646.00,952.00
1295,994.67,2684.64,225.21,1691.67,945.00
1296,994.81,2686.10,290.43,1733.00,947.00
1297,994.96,2687.57,329.08,1749.00,938.00
1298,995.10,2689.03,465.28,1829.00,948.00
1299,995.25,2690.49,543.30,1875.67,950.67
1300,995.39,2691.95,613.80,1910.67,944.33
1301,995.54,2693.41,734.82,1969.33,940.00
1302,995.68,2694.87,890.64,2059.67,955.00
1303,995.83,2696.33,1089.32,2143.00,947.67
1304,995.97,2697.78,1254.68,2222.67,953.33
1305,996.12,2699.24,1426.94,2294.33,948.33
1306,996.26,2700.70,1589.52,2352.33,934.67
1307,996.40,2702.15,1815.28,2463.00,949.33
1308,996.55,2703.61,2111.47,2584.00,948.00
1309,996.69,2705.06,2249.86,2642.00,950.00
1310,996.84,2706.51,2437.45,2734.67,965.33
1311,996.98,2707.96,2658.83,2818.67,957.00
1312,997.13,2709.42,2751.11,2853.00,950.33
1313,997.27,2710.87,2925.11,2930.67,954.33
1314,997.41,2712.32,2986.00,2959.33,955.00
1315,997.56,2713.77,3117.14,3018.00,958.00
1316,997.70,2715.21,3095.73,3001.67,946.33
1317,997.85,2716.66,3137.88,3035.33,959.33
1318,997.99,2718.11,3161.62,3030.33,941.00
1319,998.14,2719.55,3026.95,2985.00,944.33
1320,998.28,2721.00,2964.65,2961.67,940.33
1321,998.42,2722.44,2918.59,2975.67,964.33
1322,998.57,2723.89,2728.59,2914.67,964.67
1323,998.71,2725.33,2584.45,2855.33,945.00
1324,998.86,2726.77,2312.35,2754.67,934.33
1325,999.00,2728.22,2165.94,2718.00,941.00
1326,999.14,2729.66,2004.75,2673.67,949.67
1327,999.29,2731.10,1924.40,2650.33,948.67
1328,999.43,2732.54,1791.32,2603.33,945.00
1329,999.57,2733.98,1702.55,2592.67,959.33
1330,999.72,2735.41,1598.51,2542.00,941.67
1331,999.86,2736.85,1514.69,2513.67,942.33
1332,1000.01,2738.29,1602.62,2560.67,954.00
1333,1000.15,2739.72,1590.42,2550.33,952.67
1334,1000.29,2741.16,1690.54,2577.33,945.67
1335,1000.44,2742.59,1666.92,2570.67,951.33
1336,1000.58,2744.03,1773.80,2593.67,934.67
1337,1000.72,2745.46,1741.01,2591.33,943.67
1338,1000.87,2746.89,1739.88,2613.00,964.67
1339,1001.01,2748.32,1772.56,2592.67,932.00
1340,1001.15,2749.75,1760.43,2603.00,946.33
1341,1001.30,2751.18,1716.15,2620.00,977.00
1342,1001.44,2752.61,1647.90,2576.00,952.00
1343,1001.58,2754.04,1521.48,2540.33,953.00
1344,1001.73,2755.47,1391.27,2495.33,944.33
1345,1001.87,2756.89,1253.11,2462.33,950.33
1346,1002.01,2758.32,1091.02,2405.33,941.67
1347,1002.16,2759.75,949.55,2368.00,945.67
1348,1002.30,2761.17,832.18,2342.33,952.67
1349,1002.44,2762.59,655.33,2289.00,955.67
1350,1002.59,2764.02,574.15,2270.00,959.33
1351,1002.73,2765.44,453.57,2223.00,953.67
1352,1002.87,2766.86,330.58,2175.00,949.00
1353,1003.01,2768.28,295.53,2169.67,950.67
1354,1003.16,2769.70,196.25,2143.00,947.67
1355,1003.30,2771.12,143.91,2158.00,958.00
1356,1003.44,2772.54,49.47,2116.67,940.33
1357,1003.59,2773.96,10.90,2110.33,948.33
1358,1003.73,2775.38,0.00,2078.33,952.00
1359,1003.87,2776.79,0.00,2091.33,951.67
1360,1004.01,2778.21,0.00,2089.67,935.33
1361,1004.16,2779.62,0.00,2065.67,933.67
1362,1004.30,2781.04,0.00,2095.33,937.00
1363,1004.44,2782.45,0.00,2105.00,968.00
1364,1004.58,2783.87,0.00,2104.33,944.00
1365,1004.73,2785.28,0.00,2099.33,946.33
1366,1004.87,2786.69,0.00,2110.67,925.33
1367,1005.01,2788.10,0.00,2157.00,955.67
1368,1005.15,2789.51,0.00,2156.67,957.67
1369,1005.30,2790.92,0.00,2155.67,931.33
1370,1005.44,2792.33,0.00,2196.00,960.67
1371,1005.58,2793.74,0.00,2223.33,967.00
1372,1005.72,2795.14,0.00,2246.00,954.33
1373,1005.87,2796.55,0.00,2261.33,938.67
1374,1006.01,2797.95,0.00,2311.67,965.00
1375,1006.15,2799.36,0.00,2359.00,946.33
1376,1006.29,2800.76,0.00,2381.00,939.33
1377,1006.43,2802.17,0.00,2428.33,947.67
1378,1006.58,2803.57,0.00,2472.33,973.67
1379,1006.72,2804.97,0.00,2498.00,935.33
1380,1006.86,2806.37,1.77,2555.33,938.00
1381,1007.00,2807.77,17.32,2630.00,951.67
1382,1007.14,2809.17,78.93,2695.33,944.67
1383,1007.29,2810.57,119.66,2713.67,941.33
1384,1007.43,2811.97,296.36,2802.67,942.67
1385,1007.57,2813.37,486.72,2880.00,946.33
1386,1007.71,2814.77,691.87,2934.00,933.00
1387,1007.85,2816.16,962.23,3032.00,954.00
1388,1008.00,2817.56,1177.95,3075.67,941.00
1389,1008.14,2818.95,1521.19,3184.67,952.00
1390,1008.28,2820.35,1839.49,3272.33,953.00
1391,1008.42,2821.74,2184.11,3374.67,962.67
1392,1008.56,2823.13,2597.95,3468.00,942.33
1393,1008.70,2824.52,2968.72,3588.33,960.67
1394,1008.85,2825.91,3237.36,3653.33,951.33
1395,1008.99,2827.30,3546.55,3733.67,941.33
1396,1009.13,2828.69,3908.42,3849.33,949.67
1397,1009.27,2830.08,4146.83,3913.00,946.67
1398,1009.41,2831.47,4544.01,4034.67,956.33
1399,1009.55,2832.86,4905.93,4130.33,954.00
1400,1009.69,2834.24,5288.62,4212.67,932.67
1401,1009.84,2835.63,5603.75,4309.67,945.00
1402,1009.98,2837.02,5912.63,4398.00,948.00
1403,1010.12,2838.40,6292.44,4519.33,960.67
1404,1010.26,2839.78,6658.91,4616.33,953.00
1405,1010.40,2841.17,6933.97,4683.67,945.00
1406,1010.54,2842.55,7440.04,4816.33,934.67
1407,1010.68,2843.93,7859.65,4955.33,959.00
1408,1010.82,2845.31,8359.76,5093.67,959.33
1409,1010.96,2846.69,8881.42,5225.33,946.33
1410,1011.11,2848.07,9367.37,5370.67,957.00
1411,1011.25,2849.45,10072.82,5575.67,961.33
1412,1011.39,2850.83,10718.26,5751.67,955.67
1413,1011.53,2852.21,11405.95,5934.67,946.67
1414,1011.67,2853.58,12289.46,6192.67,957.00
1415,1011.81,2854.96,13177.33,6430.00,946.67
1416,1011.95,2856.33,14539.30,6825.33,952.67
1417,1012.09,2857.71,15309.53,7042.33,952.33
1418,1012.23,2859.08,16590.21,7411.00,951.00
1419,1012.37,2860.45,18252.04,7881.33,942.33
1420,1012.51,2861.83,19673.09,8279.33,944.33
1421,1012.65,2863.20,21547.14,8806.33,964.00
1422,1012.80,2864.57,23697.83,9374.00,974.67
1423,1012.94,2865.94,26284.25,9991.67,945.67
1424,1013.08,2867.31,28947.21,10645.67,965.33
1425,1013.22,2868.68,31780.50,11297.00,958.67
1426,1013.36,2870.04,34515.63,11922.00,963.67
1427,1013.50,2871.41,37121.33,12498.33,953.33
1428,1013.64,2872.78,39339.69,12987.33,949.33
1429,1013.78,2874.14,41018.43,13362.67,959.67
1430,1013.92,2875.51,42675.12,13753.67,972.67
1431,1014.06,2876.87,43626.51,13936.67,943.67
1432,1014.20,2878.24,44019.48,14035.33,956.67
1433,1014.34,2879.60,43839.40,13970.00,939.00
1434,1014.48,2880.96,43786.95,13977.67,949.67
1435,1014.62,2882.32,42871.75,13770.00,970.00
1436,1014.76,2883.68,42109.25,13549.00,941.67
1437,1014.90,2885.04,41177.02,13314.67,955.00
1438,1015.04,2886.40,40325.62,13066.00,944.67
1439,1015.18,2887.76,39250.15,12763.33,950.67
1440,1015.32,2889.12,38335.74,12499.00,960.33
1441,1015.46,2890.48,37470.12,12238.33,964.67
1442,1015.60,2891.83,36560.44,11939.00,941.67
1443,1015.74,2893.19,35668.54,11675.67,946.33
1444,1015.88,2894.54,34505.50,11362.33,965.33
1445,1016.02,2895.90,33917.38,11173.67,952.00
1446,1016.16,2897.25,33199.50,10954.00,935.33
1447,1016.30,2898.60,31981.04,10648.67,960.33
1448,1016.44,2899.96,31378.75,10475.67,960.00
1449,1016.58,2901.31,31042.36,10357.67,950.00
1450,1016.72,2902.66,30603.59,10226.67,955.33
1451,1016.86,2904.01,30561.90,10179.00,939.00
1452,1017.00,2905.36,30434.18,10154.67,962.00
1453,1017.14,2906.71,30444.91,10134.67,947.67
1454,1017.28,2908.06,30817.58,10224.33,947.00
1455,1017.41,2909.40,31405.27,10371.00,948.33
1456,1017.55,2910.75,32354.04,10617.67,958.67
1457,1017.69,2912.09,33599.28,10933.67,964.00
1458,1017.83,2913.44,35307.70,11344.67,949.00
1459,1017.97,2914.78,37301.03,11858.00,974.33
1460,1018.11,2916.13,39618.44,12382.33,954.33
1461,1018.25,2917.47,42710.54,13062.00,941.00
1462,1018.39,2918.81,46493.29,13873.33,956.33
1463,1018.53,2920.15,51177.71,14796.33,945.67
1464,1018.67,2921.49,55948.10,15668.33,948.33
1465,1018.81,2922.83,61288.84,16613.33,952.67
1466,1018.95,2924.17,66090.22,17402.33,956.33
1467,1019.09,2925.51,69903.61,17980.33,955.67
1468,1019.22,2926.85,72649.17,18395.33,967.33
1469,1019.36,2928.19,73590.15,18480.33,952.67
1470,1019.50,2929.52,72781.45,18295.00,947.00
1471,1019.64,2930.86,70411.89,17874.67,962.00
1472,1019.78,2932.20,66364.64,17098.67,945.00
1473,1019.92,2933.53,61937.88,16268.33,955.67
1474,1020.06,2934.86,57543.28,15396.00,947.67
1475,1020.20,2936.20,53016.78,14455.67,949.00
1476,1020.33,2937.53,48947.85,13593.00,969.33
1477,1020.47,2938.86,44921.25,12668.33,955.00
1478,1020.61,2940.19,41335.51,11829.33,948.67
1479,1020.75,2941.52,38244.79,11111.33,962.67
1480,1020.89,2942.85,35018.37,10335.67,958.33
1481,1021.03,2944.18,32713.81,9771.00,954.33
1482,1021.17,2945.51,30113.85,9132.33,945.67
1483,1021.30,2946.84,28306.32,8698.33,957.00
1484,1021.44,2948.16,26573.75,8265.33,948.67
1485,1021.58,2949.49,25032.50,7900.33,959.33
1486,1021.72,2950.81,23825.32,7594.00,947.00
1487,1021.86,2952.14,22967.42,7378.00,941.67
1488,1022.00,2953.46,22086.88,7180.00,958.67
1489,1022.13,2954.78,21541.69,7034.33,954.00
1490,1022.27,2956.11,21614.09,7024.00,949.67
1491,1022.41,2957.43,21546.70,6993.33,963.33
1492,1022.55,2958.75,22135.40,7086.33,961.33
1493,1022.69,2960.07,22556.96,7121.00,948.33
1494,1022.82,2961.39,23582.92,7294.33,952.67
1495,1022.96,2962.71,24739.51,7469.67,946.33
1496,1023.10,2964.03,26040.24,7685.67,966.67
1497,1023.24,2965.34,27381.63,7861.67,953.67
1498,1023.38,2966.66,29058.57,8110.33,953.33
1499,1023.51,2967.98,30362.14,8276.00,948.67
1500,1023.65,2969.29,31617.57,8456.00,959.67
1501,1023.79,2970.61,32133.83,8487.33,955.33
1502,1023.93,2971.92,32310.59,8485.67,968.67
1503,1024.07,2973.23,32159.17,8423.67,972.33
1504,1024.20,2974.55,31572.59,8269.67,957.67
1505,1024.34,2975.86,30677.28,8078.00,953.67
1506,1024.48,2977.17,29287.57,7809.00,955.00
1507,1024.62,2978.48,27537.04,7474.33,947.00
1508,1024.75,2979.79,25703.05,7138.33,943.67
1509,1024.89,2981.10,23483.08,6723.00,935.33
1510,1025.03,2982.41,21058.68,6283.33,951.00
1511,1025.17,2983.72,19232.58,5923.67,939.00
1512,1025.30,2985.02,17438.50,5570.33,939.67
1513,1025.44,2986.33,15796.61,5246.00,948.67
1514,1025.58,2987.63,14181.86,4917.00,954.00
1515,1025.72,2988.94,12773.64,4609.00,941.67
1516,1025.85,2990.24,11532.82,4347.00,942.33
1517,1025.99,2991.55,10453.47,4133.00,957.67
1518,1026.13,2992.85,9418.14,3914.00,957.67
1519,1026.26,2994.15,8548.05,3714.67,943.00
1520,1026.40,2995.45,7620.95,3527.00,951.33
1521,1026.54,2996.75,6902.80,3378.00,957.33
1522,1026.68,2998.05,6271.99,3233.67,951.33
1523,1026.81,2999.35,5786.97,3115.33,942.33
1524,1026.95,3000.65,5307.89,3032.67,966.33
1525,1027.09,3001.95,4756.59,2890.00,941.67
1526,1027.22,3003.25,4229.20,2789.67,951.67
1527,1027.36,3004.54,4023.57,2738.00,946.33
1528,1027.50,3005.84,3473.87,2628.33,947.00
1529,1027.63,3007.13,3134.46,2561.00,949.33
1530,1027.77,3008.43,2701.32,2477.33,953.33
1531,1027.91,3009.72,2446.18,2440.00,970.33
1532,1028.04,3011.02,2195.85,2373.67,957.67
1533,1028.18,3012.31,1876.51,2312.33,962.67
1534,1028.32,3013.60,1658.18,2255.67,952.67
1535,1028.45,3014.89,1368.89,2187.67,943.00
1536,1028.59,3016.18,1092.77,2147.33,956.33
1537,1028.73,3017.47,976.76,2116.33,946.33
1538,1028.86,3018.76,760.84,2056.00,924.00
1539,1029.00,3020.05,474.53,2013.67,936.00
1540,1029.14,3021.34,343.91,1994.67,947.33
1541,1029.27,3022.62,216.31,1972.67,963.33
1542,1029.41,3023.91,96.64,1912.00,947.67
1543,1029.54,3025.19,90.82,1887.33,939.33
1544,1029.68,3026.48,82.88,1859.33,931.33
1545,1029.82,3027.76,26.72,1857.33,970.67
1546,1029.95,3029.05,0.00,1800.00,954.00
1547,1030.09,3030.33,19.77,1803.33,962.67
1548,1030.22,3031.61,0.00,1750.67,942.00
1549,1030.36,3032.89,54.38,1758.67,948.67
1550,1030.50,3034.17,0.00,1704.33,938.67
1551,1030.63,3035.45,0.00,1699.00,951.67
1552,1030.77,3036.73,0.06,1675.00,936.67
1553,1030.90,3038.01,0.00,1655.00,961.33
1554,1031.04,3039.29,0.00,1652.67,961.33
1555,1031.18,3040.57,0.00,1615.00,938.33
1556,1031.31,3041.84,0.00,1588.00,931.67
1557,1031.45,3043.12,0.00,1605.00,950.00
1558,1031.58,3044.39,0.00,1597.33,960.00
1559,1031.72,3045.67,0.00,1565.00,949.33
1560,1031.85,3046.94,18.20,1578.33,960.00
1561,1031.99,3048.22,0.00,1543.67,959.00
1562,1032.13,3049.49,3.75,1529.67,938.33
1563,1032.26,3050.76,0.00,1522.00,950.67
1564,1032.40,3052.03,0.00,1526.33,959.33
1565,1032.53,3053.30,0.00,1492.33,945.33
1566,1032.67,3054.57,0.00,1481.00,940.33
1567,1032.80,3055.84,4.37,1474.33,938.33
1568,1032.94,3057.11,38.76,1493.67,960.67
1569,1033.07,3058.38,0.00,1450.33,939.33
1570,1033.21,3059.64,28.77,1439.67,933.00
1571,1033.34,3060.91,0.00,1418.00,939.33
1572,1033.48,3062.18,85.57,1448.00,955.33
1573,1033.61,3063.44,100.76,1432.67,946.67
1574,1033.75,3064.70,0.00,1404.33,956.33
1575,1033.88,3065.97,30.89,1381.67,918.33
1576,1034.02,3067.23,0.00,1402.33,958.67
1577,1034.15,3068.49,8.58,1361.33,917.00
1578,1034.29,3069.75,0.00,1363.00,932.00
1579,1034.42,3071.02,0.00,1353.67,931.00
1580,1034.56,3072.28,14.67,1376.00,954.67
1581,1034.69,3073.54,0.00,1367.00,959.33
1582,1034.83,3074.79,46.06,1340.67,931.33
1583,1034.96,3076.05,17.01,1346.67,948.00
1584,1035.10,3077.31,0.00,1334.33,951.00
1585,1035.23,3078.57,0.00,1329.00,947.67
1586,1035.37,3079.82,0.00,1315.00,943.67
1587,1035.50,3081.08,22.64,1318.67,943.67
1588,1035.64,3082.33,0.00,1329.67,968.33
1589,1035.77,3083.59,0.00,1285.33,930.67
1590,1035.91,3084.84,0.00,1303.00,951.33
1591,1036.04,3086.09,0.00,1274.00,941.00
1592,1036.17,3087.34,0.00,1286.00,943.67
1593,1036.31,3088.60,0.00,1286.00,954.00
1594,1036.44,3089.85,6.47,1304.00,967.33
1595,1036.58,3091.10,5.86,1262.33,932.00
1596,1036.71,3092.35,0.00,1260.67,943.33
1597,1036.85,3093.59,119.36,1291.67,958.33
1598,1036.98,3094.84,21.38,1253.67,933.67
1599,1037.11,3096.09,0.00,1256.00,947.00
1600,1037.25,3097.34,0.08,1245.67,936.00
1601,1037.38,3098.58,0.79,1265.67,958.33
1602,1037.52,3099.83,0.00,1245.67,945.67
1603,1037.65,3101.07,0.00,1237.33,945.67
1604,1037.78,3102.32,0.00,1246.33,953.00
1605,1037.92,3103.56,0.00,1235.33,944.33
1606,1038.05,3104.80,2.94,1250.00,957.00
1607,1038.19,3106.04,0.00,1221.00,933.67
1608,1038.32,3107.29,0.00,1225.00,948.00
1609,1038.45,3108.53,0.00,1224.00,950.33
1610,1038.59,3109.77,21.17,1225.33,941.00
1611,1038.72,3111.00,93.17,1247.33,957.67
1612,1038.85,3112.24,0.00,1217.33,943.00
1613,1038.99,3113.48,36.27,1228.00,948.33
1614,1039.12,3114.72,58.72,1234.00,953.00
1615,1039.25,3115.95,11.12,1221.00,946.33
1616,1039.39,3117.19,17.15,1201.67,927.33
1617,1039.52,3118.43,4.43,1219.67,948.67
1618,1039.66,3119.66,0.00,1230.33,963.33
1619,1039.79,3120.89,40.68,1216.33,941.67
1620,1039.92,3122.13,0.00,1222.67,960.00
1621,1040.06,3123.36,0.00,1213.67,957.00
1622,1040.19,3124.59,0.00,1205.00,948.00
1623,1040.32,3125.82,58.96,1237.33,965.33
1624,1040.45,3127.05,13.53,1209.67,945.00
1625,1040.59,3128.28,31.73,1251.33,985.00
1626,1040.72,3129.51,39.63,1220.00,953.33
1627,1040.85,3130.74,23.03,1215.67,951.67
1628,1040.99,3131.97,38.94,1226.00,960.67
1629,1041.12,3133.20,119.72,1237.33,962.00
1630,1041.25,3134.42,51.47,1234.67,968.67
1631,1041.39,3135.65,26.38,1213.67,951.67
1632,1041.52,3136.87,108.40,1209.00,936.00
1633,1041.65,3138.10,52.37,1234.00,970.33
1634,1041.78,3139.32,140.46,1225.00,952.00
1635,1041.92,3140.54,186.20,1231.00,955.67
1636,1042.05,3141.77,290.51,1275.00,991.33
1637,1042.18,3142.99,212.53,1213.33,940.00
1638,1042.32,3144.21,213.15,1217.33,945.00
1639,1042.45,3145.43,244.86,1217.67,942.33
1640,1042.58,3146.65,289.03,1246.33,966.00
1641,1042.71,3147.87,271.36,1248.00,969.67
1642,1042.85,3149.09,181.64,1226.00,959.00
1643,1042.98,3150.31,300.61,1231.33,951.33
1644,1043.11,3151.52,258.25,1232.33,959.33
1645,1043.24,3152.74,342.04,1229.00,948.67
1646,1043.38,3153.96,441.70,1245.33,956.33
1647,1043.51,3155.17,362.24,1234.67,956.33
1648,1043.64,3156.39,484.06,1237.33,947.33
1649,1043.77,3157.60,318.98,1244.00,973.00
1650,1043.90,3158.81,554.37,1251.00,956.00
1651,1044.04,3160.02,480.98,1228.67,943.00
1652,1044.17,3161.24,532.85,1245.67,956.00
1653,1044.30,3162.45,539.45,1263.33,974.33
1654,1044.43,3163.66,606.18,1236.00,941.00
1655,1044.56,3164.87,604.04,1233.33,939.33
1656,1044.70,3166.08,561.08,1269.67,981.00
1657,1044.83,3167.29,641.50,1238.67,942.33
1658,1044.96,3168.49,679.99,1251.67,952.67
1659,1045.09,3169.70,702.69,1296.00,996.67
1660,1045.22,3170.91,692.04,1245.67,950.00
1661,1045.36,3172.11,899.34,1264.00,950.00
1662,1045.49,3173.32,857.85,1264.67,957.67
1663,1045.62,3174.52,879.32,1272.67,965.67
1664,1045.75,3175.73,1033.97,1273.00,952.00
1665,1045.88,3176.93,937.89,1272.67,961.33
1666,1046.01,3178.13,974.14,1263.67,948.33
1667,1046.15,3179.34,1010.60,1291.67,972.33
1668,1046.28,3180.54,928.77,1274.67,964.33
1669,1046.41,3181.74,937.25,1298.33,989.00
1670,1046.54,3182.94,1112.77,1288.00,964.00
1671,1046.67,3184.14,1275.84,1283.67,947.33
1672,1046.80,3185.34,1273.91,1288.00,955.33
1673,1046.93,3186.53,1261.86,1288.33,959.33
1674,1047.07,3187.73,1338.97,1281.67,947.00
1675,1047.20,3188.93,1342.32,1289.00,955.00
1676,1047.33,3190.12,1377.43,1289.33,952.67
1677,1047.46,3191.32,1463.48,1301.67,957.33
1678,1047.59,3192.51,1422.98,1292.67,952.67
1679,1047.72,3193.71,1444.05,1303.67,962.33
1680,1047.85,3194.90,1487.30,1317.00,972.67
1681,1047.98,3196.09,1471.23,1312.00,971.00
1682,1048.11,3197.29,1624.61,1317.00,964.00
1683,1048.24,3198.48,1638.85,1319.00,967.67
1684,1048.38,3199.67,1850.02,1324.33,956.67
1685,1048.51,3200.86,1746.36,1306.33,951.00
1686,1048.64,3202.05,1921.04,1335.33,966.67
1687,1048.77,3203.24,1891.10,1318.33,954.33
1688,1048.90,3204.43,2077.49,1331.00,952.00
1689,1049.03,3205.61,1950.55,1326.67,960.33
1690,1049.16,3206.80,2130.42,1331.00,950.00
1691,1049.29,3207.99,2108.26,1326.00,948.33
1692,1049.42,3209.17,2076.10,1332.67,959.33
1693,1049.55,3210.36,2158.48,1332.33,953.33
1694,1049.68,3211.54,2340.68,1342.00,948.67
1695,1049.81,3212.73,2242.52,1325.33,942.33
1696,1049.94,3213.91,2318.54,1335.33,947.67
1697,1050.07,3215.09,2252.91,1330.33,950.67
1698,1050.20,3216.27,2446.71,1349.33,955.67
1699,1050.33,3217.45,2439.02,1348.00,957.67
1700,1050.46,3218.63,2650.51,1372.00,966.00
1701,1050.59,3219.81,2593.21,1348.67,949.00
1702,1050.72,3220.99,2529.65,1348.00,954.67
1703,1050.85,3222.17,2637.71,1358.33,957.00
1704,1050.98,3223.35,2528.08,1353.67,963.33
1705,1051.11,3224.53,2704.58,1367.00,964.67
1706,1051.24,3225.70,2793.76,1357.67,951.33
1707,1051.37,3226.88,2853.85,1342.33,934.33
1708,1051.50,3228.05,2929.35,1349.00,937.33
1709,1051.63,3229.23,2992.76,1371.00,955.67
1710,1051.76,3230.40,2837.25,1369.67,967.67
1711,1051.89,3231.58,2863.63,1354.33,951.00
1712,1052.02,3232.75,2933.96,1361.33,953.67
1713,1052.15,3233.92,2955.45,1370.67,963.33
1714,1052.28,3235.09,3088.01,1383.00,967.67
1715,1052.41,3236.26,3080.19,1352.00,940.00
1716,1052.54,3237.43,3086.29,1365.00,955.00
1717,1052.67,3238.60,3143.80,1359.00,946.67
1718,1052.80,3239.77,3272.07,1371.00,950.67
1719,1052.93,3240.94,3142.90,1351.00,942.67
1720,1053.06,3242.11,3256.67,1366.33,951.33
1721,1053.19,3243.27,3286.10,1357.33,942.33
1722,1053.32,3244.44,3328.52,1356.67,940.67
1723,1053.45,3245.61,3478.66,1368.33,943.00
1724,1053.58,3246.77,3379.47,1393.00,977.00
1725,1053.71,3247.94,3371.37,1361.33,947.67
1726,1053.84,3249.10,3454.58,1368.00,950.00
1727,1053.97,3250.26,3562.29,1368.67,945.00
1728,1054.10,3251.42,3466.23,1374.00,960.33
1729,1054.22,3252.59,3495.33,1366.33,953.67
1730,1054.35,3253.75,3757.70,1374.67,946.00
1731,1054.48,3254.91,3748.24,1372.33,947.00
1732,1054.61,3256.07,3541.10,1375.00,966.33
1733,1054.74,3257.23,3753.10,1362.00,939.00
1734,1054.87,3258.39,3669.18,1369.00,952.33
1735,1055.00,3259.54,3621.32,1384.33,971.33
1736,1055.13,3260.70,3515.52,1353.00,948.33
1737,1055.26,3261.86,3612.03,1374.00,964.00
1738,1055.38,3263.01,3603.76,1359.67,953.00
1739,1055.51,3264.17,3811.97,1360.67,943.00
1740,1055.64,3265.32,3621.49,1357.67,957.67
1741,1055.77,3266.48,3899.98,1384.00,969.00
1742,1055.90,3267.63,3983.29,1349.67,932.67
1743,1056.03,3268.78,3951.65,1366.67,954.33
1744,1056.16,3269.94,3885.59,1379.67,973.00
1745,1056.28,3271.09,3952.39,1367.00,956.00
1746,1056.41,3272.24,3785.97,1368.00,968.00
1747,1056.54,3273.39,3791.43,1366.33,966.00
1748,1056.67,3274.54,3702.49,1352.67,959.33
1749,1056.80,3275.69,3714.33,1350.67,958.67
1750,1056.93,3276.84,3766.28,1356.33,964.00
1751,1057.05,3277.98,3831.23,1342.33,949.33
1752,1057.18,3279.13,3965.53,1347.33,949.00
1753,1057.31,3280.28,3901.39,1362.33,971.00
1754,1057.44,3281.42,4051.15,1342.67,943.67
1755,1057.57,3282.57,3707.35,1360.67,985.33
1756,1057.69,3283.71,3857.94,1335.00,951.33
1757,1057.82,3284.86,3850.74,1326.00,944.33
1758,1057.95,3286.00,3951.44,1355.33,969.00
1759,1058.08,3287.14,3781.12,1321.67,948.00
1760,1058.21,3288.28,3844.64,1328.00,952.00
1761,1058.33,3289.43,3862.63,1325.00,949.33
1762,1058.46,3290.57,3755.75,1334.33,966.67
1763,1058.59,3291.71,3860.57,1327.33,954.33
1764,1058.72,3292.85,3724.06,1327.33,964.33
1765,1058.85,3293.98,3790.77,1325.33,960.00
1766,1058.97,3295.12,3714.85,1308.67,950.33
1767,1059.10,3296.26,3894.65,1313.33,946.67
1768,1059.23,3297.40,4016.13,1311.33,940.33
1769,1059.36,3298.53,3801.35,1303.33,948.33
1770,1059.48,3299.67,3823.29,1323.33,969.67
1771,1059.61,3300.80,4144.44,1319.33,948.67
1772,1059.74,3301.94,4103.36,1307.00,940.00
1773,1059.87,3303.07,3834.68,1305.00,954.33
1774,1059.99,3304.21,3971.69,1320.67,962.00
1775,1060.12,3305.34,3882.02,1310.67,957.67
1776,1060.25,3306.47,3625.72,1316.33,979.67
1777,1060.37,3307.60,3985.76,1308.00,952.33
1778,1060.50,3308.73,4084.34,1304.33,946.33
1779,1060.63,3309.86,3917.66,1307.00,962.67
1780,1060.76,3310.99,3940.52,1292.33,950.67
1781,1060.88,3312.12,4183.90,1322.00,970.00
1782,1061.01,3313.25,4377.08,1313.67,953.00
1783,1061.14,3314.38,4134.02,1327.00,980.33
1784,1061.26,3315.50,4081.81,1293.33,949.00
1785,1061.39,3316.63,3775.47,1300.67,972.67
1786,1061.52,3317.76,3837.81,1292.33,960.67
1787,1061.64,3318.88,3825.82,1281.67,951.67
1788,1061.77,3320.01,3823.01,1293.67,966.00
1789,1061.90,3321.13,3875.20,1310.00,982.33
1790,1062.02,3322.25,3977.78,1281.67,951.33
1791,1062.15,3323.38,4060.19,1281.00,948.67
1792,1062.28,3324.50,3969.38,1282.00,956.33
1793,1062.40,3325.62,3924.78,1286.00,964.00
1794,1062.53,3326.74,3997.99,1269.00,944.33
1795,1062.66,3327.86,3816.68,1265.33,952.00
1796,1062.78,3328.98,4085.12,1282.33,957.00
1797,1062.91,3330.10,3958.06,1271.00,955.00
1798,1063.04,3331.22,4162.51,1273.33,949.33
1799,1063.16,3332.33,4264.26,1265.67,938.67
1800,1063.29,3333.45,3995.28,1262.67,951.00
1801,1063.41,3334.57,4195.79,1279.00,958.00
1802,1063.54,3335.68,4050.99,1265.67,952.67
1803,1063.67,3336.80,4004.61,1258.67,948.67
1804,1063.79,3337.91,3885.04,1265.00,962.00
1805,1063.92,3339.03,4007.63,1270.33,962.33
1806,1064.05,3340.14,4203.12,1285.33,969.00
1807,1064.17,3341.25,3901.72,1254.67,955.33
1808,1064.30,3342.36,3981.07,1243.00,941.67
1809,1064.42,3343.48,4072.18,1262.33,958.67
1810,1064.55,3344.59,4004.11,1265.67,967.67
1811,1064.68,3345.70,4057.14,1245.33,947.00
1812,1064.80,3346.81,4306.15,1257.67,949.33
1813,1064.93,3347.91,4105.57,1248.33,951.33
1814,1065.05,3349.02,4089.58,1245.67,950.67
1815,1065.18,3350.13,3996.54,1243.00,953.33
1816,1065.30,3351.24,4017.61,1260.33,970.33
1817,1065.43,3352.34,4156.37,1241.00,945.00
1818,1065.55,3353.45,4039.55,1243.67,954.00
1819,1065.68,3354.56,3831.80,1221.00,942.33
1820,1065.81,3355.66,3993.51,1261.33,976.67
1821,1065.93,3356.76,3849.31,1226.00,950.33
1822,1066.06,3357.87,4135.33,1243.67,957.33
1823,1066.18,3358.97,4172.53,1227.67,942.33
1824,1066.31,3360.07,3913.77,1212.33,941.00
1825,1066.43,3361.17,4280.41,1221.67,935.33
1826,1066.56,3362.27,4188.69,1238.67,957.33
1827,1066.68,3363.38,3938.70,1229.00,959.33
1828,1066.81,3364.47,3962.08,1214.33,944.00
1829,1066.93,3365.57,3746.43,1229.33,969.33
1830,1067.06,3366.67,3887.39,1221.00,955.67
1831,1067.18,3367.77,4215.78,1230.67,952.00
1832,1067.31,3368.87,3740.86,1202.00,946.00
1833,1067.43,3369.96,4034.93,1207.00,939.67
1834,1067.56,3371.06,3665.34,1183.00,933.67
1835,1067.68,3372.16,4015.10,1210.00,947.33
1836,1067.81,3373.25,3959.74,1193.00,934.67
1837,1067.93,3374.34,4110.31,1190.33,927.33
1838,1068.06,3375.44,3900.68,1196.33,943.67
1839,1068.18,3376.53,3924.06,1203.33,950.67
1840,1068.31,3377.62,3987.70,1195.67,941.00
1841,1068.43,3378.72,4081.69,1213.33,955.33
1842,1068.56,3379.81,3619.60,1176.00,938.33
1843,1068.68,3380.90,3984.08,1200.67,949.00
1844,1068.80,3381.99,3738.53,1214.33,974.67
1845,1068.93,3383.08,4028.93,1191.33,941.67
1846,1069.05,3384.16,3896.81,1198.67,956.33
1847,1069.18,3385.25,4008.62,1201.00,955.67
1848,1069.30,3386.34,4177.15,1201.00,950.00
1849,1069.43,3387.43,3859.90,1176.33,939.00
1850,1069.55,3388.51,3625.33,1177.67,950.67
1851,1069.67,3389.60,3770.41,1171.33,939.67
1852,1069.80,3390.68,3846.06,1188.00,954.67
1853,1069.92,3391.77,4184.50,1191.00,945.67
1854,1070.05,3392.85,3722.53,1207.00,981.00
1855,1070.17,3393.94,3805.24,1184.33,956.00
1856,1070.30,3395.02,3654.98,1176.67,955.00
1857,1070.42,3396.10,3668.08,1164.33,943.00
1858,1070.54,3397.18,3512.54,1157.33,943.00
1859,1070.67,3398.26,3971.61,1182.33,951.33
1860,1070.79,3399.34,3723.38,1170.33,950.00
1861,1070.91,3400.42,3376.33,1151.67,945.67
1862,1071.04,3401.50,3508.96,1157.67,947.67
1863,1071.16,3402.58,4008.78,1169.00,941.33
1864,1071.29,3403.66,3457.02,1139.67,934.33
1865,1071.41,3404.74,3297.30,1167.00,969.33
1866,1071.53,3405.81,3827.78,1164.67,949.33
1867,1071.66,3406.89,3760.03,1166.33,955.33
1868,1071.78,3407.96,3622.92,1150.67,946.00
1869,1071.90,3409.04,3725.69,1155.67,948.00
1870,1072.03,3410.11,3457.19,1156.67,958.67
1871,1072.15,3411.19,3480.63,1132.33,933.00
1872,1072.27,3412.26,3592.00,1156.33,952.33
1873,1072.40,3413.33,3197.08,1137.33,947.67
1874,1072.52,3414.40,3197.43,1138.00,949.00
1875,1072.64,3415.47,3013.61,1125.67,945.00
1876,1072.77,3416.54,3584.89,1143.67,945.00
1877,1072.89,3417.61,3454.68,1164.33,973.33
1878,1073.01,3418.68,3605.13,1149.67,956.33
1879,1073.14,3419.75,3679.42,1151.33,957.67
1880,1073.26,3420.82,3565.22,1119.33,930.67
1881,1073.38,3421.89,3560.97,1118.33,930.00
1882,1073.51,3422.96,3585.87,1146.67,957.00
1883,1073.63,3424.02,3240.96,1129.67,951.00
1884,1073.75,3425.09,3150.39,1127.67,951.67
1885,1073.87,3426.15,3317.65,1138.33,956.67
1886,1074.00,3427.22,2920.95,1106.00,938.67
1887,1074.12,3428.28,3122.83,1105.67,932.67
1888,1074.24,3429.35,3597.38,1142.33,955.00
1889,1074.36,3430.41,2983.47,1112.00,947.00
1890,1074.49,3431.47,3239.20,1112.00,940.33
1891,1074.61,3432.53,3260.35,1121.00,950.33
1892,1074.73,3433.59,3253.65,1108.00,939.00
1893,1074.86,3434.65,3508.87,1111.67,935.67
1894,1074.98,3435.71,3161.37,1129.33,965.00
1895,1075.10,3436.77,3198.80,1112.00,946.67
1896,1075.22,3437.83,3245.96,1112.00,945.00
1897,1075.34,3438.89,3216.88,1109.33,943.00
1898,1075.47,3439.95,2978.41,1117.00,958.33
1899,1075.59,3441.00,2819.29,1098.00,945.00
1900,1075.71,3442.06,2783.26,1114.67,964.00
1901,1075.83,3443.12,3158.12,1109.33,948.67
1902,1075.96,3444.17,3426.35,1117.33,950.67
1903,1076.08,3445.23,2927.22,1094.67,945.33
1904,1076.20,3446.28,3128.40,1072.00,918.33
1905,1076.32,3447.33,3140.91,1098.00,945.00
1906,1076.44,3448.38,3261.93,1117.00,960.67
1907,1076.57,3449.44,3109.10,1109.33,957.00
1908,1076.69,3450.49,2878.17,1110.00,963.67
1909,1076.81,3451.54,2904.37,1100.67,952.67
1910,1076.93,3452.59,2338.75,1093.67,962.67
1911,1077.05,3453.64,2469.40,1096.67,962.00
1912,1077.17,3454.69,2733.87,1089.33,947.67
1913,1077.30,3455.74,2846.53,1099.33,956.00
1914,1077.42,3456.79,2710.71,1091.67,954.33
1915,1077.54,3457.83,2798.23,1101.00,963.00
1916,1077.66,3458.88,2678.77,1074.00,941.00
1917,1077.78,3459.93,3102.01,1075.33,931.67
1918,1077.90,3460.97,2725.85,1072.33,940.00
1919,1078.03,3462.02,3028.62,1080.33,940.00
1920,1078.15,3463.06,2552.31,1091.00,964.00
1921,1078.27,3464.11,2976.93,1085.33,946.33
1922,1078.39,3465.15,2485.31,1081.67,956.33
1923,1078.51,3466.19,2901.58,1086.00,949.00
1924,1078.63,3467.23,2554.83,1060.67,934.00
1925,1078.75,3468.27,2222.35,1074.67,958.33
1926,1078.87,3469.32,2648.30,1084.33,957.67
1927,1079.00,3470.36,2772.59,1080.67,952.33
1928,1079.12,3471.40,2904.07,1067.67,937.33
1929,1079.24,3472.44,2837.61,1078.67,951.00
1930,1079.36,3473.47,2552.88,1095.00,975.00
1931,1079.48,3474.51,2565.44,1082.00,961.33
1932,1079.60,3475.55,2594.60,1058.00,936.00
1933,1079.72,3476.59,2360.42,1057.67,941.67
1934,1079.84,3477.62,2099.72,1062.00,953.33
1935,1079.96,3478.66,2308.56,1064.00,950.67
1936,1080.08,3479.69,2394.83,1059.67,945.67
1937,1080.20,3480.73,2182.79,1067.67,961.00
1938,1080.33,3481.76,2677.27,1055.00,937.67
1939,1080.45,3482.79,2595.90,1058.33,944.33
1940,1080.57,3483.83,2192.15,1055.00,951.33
1941,1080.69,3484.86,2478.68,1047.67,936.67
1942,1080.81,3485.89,2346.49,1057.00,948.33
1943,1080.93,3486.92,1678.37,1036.00,943.33
1944,1081.05,3487.95,1700.88,1052.33,958.33
1945,1081.17,3488.98,2022.06,1052.33,949.33
1946,1081.29,3490.01,1692.12,1050.00,956.00
1947,1081.41,3491.04,1596.89,1056.00,965.33
1948,1081.53,3492.07,1673.20,1040.67,949.33
1949,1081.65,3493.10,1780.62,1040.33,948.00
1950,1081.77,3494.12,2035.21,1039.67,943.00
1951,1081.89,3495.15,1923.43,1038.67,946.33
1952,1082.01,3496.18,2262.17,1054.33,955.33
1953,1082.13,3497.20,2037.44,1050.67,957.33
1954,1082.25,3498.23,1947.04,1029.00,937.67
1955,1082.37,3499.25,2100.16,1044.33,949.00
1956,1082.49,3500.27,1570.39,1032.33,949.00
1957,1082.61,3501.30,1687.21,1030.00,943.67
1958,1082.73,3502.32,1928.02,1029.67,937.67
1959,1082.85,3503.34,1561.83,1045.33,962.67
1960,1082.97,3504.36,1653.74,1044.00,960.00
1961,1083.09,3505.38,1915.22,1010.00,921.00
1962,1083.21,3506.40,1728.33,1021.67,938.00
1963,1083.33,3507.42,1885.25,1058.33,972.00
1964,1083.45,3508.44,1638.32,1013.33,933.00
1965,1083.57,3509.46,1920.06,1034.00,947.67
1966,1083.69,3510.48,1814.67,1053.67,969.67
1967,1083.81,3511.49,1723.65,1038.67,956.67
1968,1083.93,3512.51,1252.81,1032.00,960.67
1969,1084.05,3513.53,1326.22,1034.67,962.00
1970,1084.16,3514.54,1828.92,1026.33,943.00
1971,1084.28,3515.56,1647.18,1050.33,971.67
1972,1084.40,3516.57,1459.41,1019.67,945.67
1973,1084.52,3517.59,1616.96,1046.00,969.00
1974,1084.64,3518.60,1054.02,1007.00,942.33
1975,1084.76,3519.61,1574.94,1036.67,960.67
1976,1084.88,3520.62,1698.38,1038.67,959.67
1977,1085.00,3521.63,1251.68,1013.67,944.33
1978,1085.12,3522.65,1160.13,1031.33,964.00
1979,1085.24,3523.66,1169.98,1025.67,958.33
1980,1085.36,3524.67,1121.82,1019.67,954.00
1981,1085.47,3525.67,1592.47,1035.33,960.33
1982,1085.59,3526.68,1471.04,1011.33,940.33
1983,1085.71,3527.69,1391.15,1020.33,952.33
1984,1085.83,3528.70,1691.81,1027.67,955.00
1985,1085.95,3529.71,1679.67,1034.67,963.33
1986,1086.07,3530.71,2080.77,1018.33,940.33
1987,1086.19,3531.72,1350.26,1023.33,959.33
1988,1086.31,3532.72,1739.77,1023.67,952.67
1989,1086.42,3533.73,1120.94,1001.33,941.67
1990,1086.54,3534.73,1655.37,1005.67,935.33
1991,1086.66,3535.73,1527.19,1002.00,933.00
1992,1086.78,3536.74,1140.14,1030.33,968.00
1993,1086.90,3537.74,1163.43,998.67,934.67
1994,1087.02,3538.74,744.01,1008.67,953.67
1995,1087.13,3539.74,493.82,991.33,942.33
1996,1087.25,3540.74,882.13,992.67,935.67
1997,1087.37,3541.74,458.36,1011.00,964.33
1998,1087.49,3542.74,1515.86,1007.00,941.00
1999,1087.61,3543.74,1216.75,1016.33,957.67
2000,1087.73,3544.74,1526.12,1010.00,946.67
2001,1087.84,3545.74,819.46,979.67,928.67
2002,1087.96,3546.74,1180.01,1007.67,949.33
2003,1088.08,3547.73,998.35,1014.67,958.67
2004,1088.20,3548.73,323.09,1011.67,969.00
2005,1088.32,3549.72,756.15,988.00,936.00
2006,1088.43,3550.72,904.03,1001.67,947.00
2007,1088.55,3551.71,614.60,983.67,936.00
2008,1088.67,3552.71,793.90,994.33,944.33
2009,1088.79,3553.70,1449.33,990.67,930.33
2010,1088.90,3554.69,1050.76,984.33,932.00
2011,1089.02,3555.69,1504.70,1005.00,945.67
2012,1089.14,3556.68,897.88,1001.67,952.33
2013,1089.26,3557.67,1333.53,1002.00,945.00
2014,1089.38,3558.66,548.38,981.00,937.33
2015,1089.49,3559.65,946.10,993.67,943.00
2016,1089.61,3560.64,774.47,984.00,936.67
2017,1089.73,3561.63,881.92,1003.67,955.00
2018,1089.84,3562.62,879.41,997.67,949.67
2019,1089.96,3563.60,1155.28,991.67,939.67
2020,1090.08,3564.59,779.02,984.33,938.67
2021,1090.20,3565.58,713.59,991.00,946.33
2022,1090.31,3566.56,851.09,981.00,933.67
2023,1090.43,3567.55,469.01,974.00,933.00
2024,1090.55,3568.53,227.51,974.33,937.67
2025,1090.67,3569.52,572.08,985.67,942.33
2026,1090.78,3570.50,441.75,974.00,933.33
2027,1090.90,3571.49,390.63,979.67,940.33
2028,1091.02,3572.47,142.57,967.33,933.00
2029,1091.13,3573.45,0.00,985.33,954.33
2030,1091.25,3574.43,669.33,978.67,935.67
2031,1091.37,3575.41,626.99,973.00,930.67
2032,1091.48,3576.39,169.92,952.33,918.00
2033,1091.60,3577.37,131.15,953.67,920.00
2034,1091.72,3578.35,320.04,956.67,919.00
2035,1091.83,3579.33,87.81,953.33,920.67
2036,1091.95,3580.31,0.00,966.67,936.00
2037,1092.07,3581.29,534.63,957.33,917.33
2038,1092.18,3582.26,102.85,951.33,919.33
2039,1092.30,3583.24,607.92,963.33,925.00
2040,1092.42,3584.22,735.39,956.33,917.33
2041,1092.53,3585.19,424.14,960.33,925.33
2042,1092.65,3586.17,882.36,965.33,924.67
2043,1092.77,3587.14,0.00,953.00,925.00
2044,1092.88,3588.12,107.96,954.33,922.67
2045,1093.00,3589.09,0.00,958.00,929.00
2046,1093.11,3590.06,179.75,953.33,916.67
2047,1093.23,3591.03,42.91,946.33,913.33
